incident_no,company,first_file_date,accession,disclosure_type,ever_1_05,coderA_infra,coderA_root_cause,alt_root_cause,coderA_campaign,coderA_basis,disclosed_cost_low_usd,disclosed_cost_high_usd,notes,url
1,V F CORP,2023-12-18,0000950123-23-011228,1.05,Y,UND,OTHER,OTHER,,threat actor encrypted some IT systems and stole data; hosting not stated,,,,https://www.sec.gov/Archives/edgar/data/103379/000095012323011228/d659095d8k.htm
2,First American Financial Corp,2023-12-22,0000950170-23-072513,1.05,Y,UND,OTHER,OTHER,,unauthorized activity on IT systems; isolated systems from the Internet,,,"one-time expenses, amount not stated",https://www.sec.gov/Archives/edgar/data/1472787/000095017023072513/faf-20231220.htm
3,"loanDepot, Inc.",2024-01-08,0001831631-24-000004,8.01,N,UND,OTHER,OTHER,,unauthorized access to systems and encryption of data,12000000,17000000,Q1 2024 expenses net of insurance,https://www.sec.gov/Archives/edgar/data/1831631/000183163124000004/ldi-20240104.htm
4,"Fidelity National Financial, Inc.",2024-01-09,0001331875-24-000005,8.01,N,ONPREM,OTHER,OTHER,,unauthorized third-party activity in the Company's network; malware deployed,,,,https://www.sec.gov/Archives/edgar/data/1331875/000133187524000005/fnf-20231119.htm
5,MICROSOFT CORP,2024-01-19,0001193125-24-011295,1.05,Y,UND,OTHER,OTHER,,"nation-state actor accessed employee email accounts, later source code repositories; mail platform and entry method not stated",,,,https://www.sec.gov/Archives/edgar/data/789019/000119312524011295/d708866d8k.htm
6,Hewlett Packard Enterprise Co,2024-01-24,0001645590-24-000009,1.05,Y,CLOUD,OTHER,OTHER,,unauthorized access to HPE's cloud-based email environment (Midnight Blizzard); entry method not stated,,,,https://www.sec.gov/Archives/edgar/data/1645590/000164559024000009/hpe-20240119.htm
7,SouthState Corp,2024-02-09,0000950103-24-002017,1.05,Y,ONPREM,OTHER,OTHER,,isolated parts of its network to disrupt the unauthorized activity,,,,https://www.sec.gov/Archives/edgar/data/764038/000095010324002017/dp206600_8k.htm
8,WILLIS LEASE FINANCE CORP,2024-02-09,0001018164-24-000005,8.01,N,UND,OTHER,OTHER,,unauthorized activity on portions of IT systems,,,,https://www.sec.gov/Archives/edgar/data/1018164/000101816424000005/wlfc-20240209.htm
9,PRUDENTIAL FINANCIAL INC,2024-02-13,0001193125-24-033753,1.05,Y,UND,OTHER,OTHER,,accessed administrative and user data and user accounts; method not stated,,,,https://www.sec.gov/Archives/edgar/data/1137774/000119312524033753/d770643d8k.htm
10,UNITEDHEALTH GROUP INC,2024-02-22,0000731766-24-000045,1.05,Y,UND,OTHER,OTHER,,threat actor gained access to Change Healthcare IT systems; hosting and entry not stated,,,,https://www.sec.gov/Archives/edgar/data/731766/000073176624000045/unh-20240221.htm
11,"Cencora, Inc.",2024-02-27,0001104659-24-028288,1.05,Y,UND,OTHER,OTHER,,data exfiltrated from information systems,,,,https://www.sec.gov/Archives/edgar/data/1140859/000110465924028288/tm247267d1_8k.htm
12,Federal Home Loan Bank of New York,2024-03-01,0001654954-24-002505,1.05,Y,UND,THIRD_PARTY,THIRD_PARTY,,a fourth-party vendor (vendor of a bank vendor) was compromised; bank systems not affected,,,,https://www.sec.gov/Archives/edgar/data/1329842/000165495424002505/fhlbny_8k.htm
13,MARINEMAX INC,2024-03-12,0000950170-24-030041,1.05,Y,UND,OTHER,OTHER,,cybercrime organization accessed a portion of the information environment,,,,https://www.sec.gov/Archives/edgar/data/1057060/000095017024030041/hzo-20240310.htm
14,"RADIANT LOGISTICS, INC",2024-03-20,0000950170-24-033954,1.05,Y,ONPREM,OTHER,OTHER,,isolated Canadian operations from the rest of its network,,,,https://www.sec.gov/Archives/edgar/data/1171155/000095017024033954/rlgt-20240319.htm
15,"B. Riley Financial, Inc.",2024-04-08,0001213900-24-031252,1.05,Y,ONPREM,OTHER,OTHER,,unauthorized access to Targus file systems; interruption of the Targus network,,,,https://www.sec.gov/Archives/edgar/data/1464790/000121390024031252/ea0203500-8k_briley.htm
16,ORASURE TECHNOLOGIES INC,2024-04-12,0001193125-24-094797,1.05,Y,UND,OTHER,OTHER,,third party accessed data from certain information systems,,,,https://www.sec.gov/Archives/edgar/data/1116463/000119312524094797/d825009d8k.htm
17,"Frontier Communications Parent, Inc.",2024-04-18,0001193125-24-100764,1.05,Y,UND,OTHER,OTHER,,third party accessed portions of IT environment; cybercrime group,,,,https://www.sec.gov/Archives/edgar/data/20520/000119312524100764/d784189d8k.htm
18,"DROPBOX, INC.",2024-05-01,0001467623-24-000024,1.05,Y,CLOUD,OTHER,OTHER,,"unauthorized access to the Dropbox Sign production environment (the hosted e-signature service), all users' data",,,"borderline: SaaS inferred from the service, not the word cloud",https://www.sec.gov/Archives/edgar/data/1467623/000146762324000024/dbx-20240429.htm
19,BRANDYWINE REALTY TRUST,2024-05-07,0001193125-24-133132,1.05,Y,ONPREM,OTHER,OTHER,,access and encryption on a portion of internal corporate IT systems,,,,https://www.sec.gov/Archives/edgar/data/790816/000119312524133132/d824906d8k.htm
20,DocGo Inc.,2024-05-07,0001822359-24-000037,8.01,N,UND,OTHER,OTHER,,threat actor accessed health records in ambulance business,,,,https://www.sec.gov/Archives/edgar/data/1822359/000182235924000037/dcgo-20240507.htm
21,KEY TRONIC CORP,2024-05-10,0000719733-24-000015,1.05,Y,UND,OTHER,OTHER,,unauthorized access to portions of IT systems,2300000,2300000,plus ~$15M revenue not fulfilled in quarter,https://www.sec.gov/Archives/edgar/data/719733/000071973324000015/ktcc-20240506.htm
22,KULICKE & SOFFA INDUSTRIES INC,2024-06-12,0000056978-24-000075,8.01,N,ONPREM,OTHER,OTHER,,unauthorized access into its network and servers,,,,https://www.sec.gov/Archives/edgar/data/56978/000005697824000075/klic-20240528.htm
23,GLOBE LIFE INC.,2024-06-14,0000320335-24-000029,8.01,N,UND,OTHER,OTHER,,filing text not captured beyond a reference to Item 1.05,,,text not captured; re-read needed,https://www.sec.gov/Archives/edgar/data/320335/000032033524000029/gl-20240614.htm
24,"PENSKE AUTOMOTIVE GROUP, INC.",2024-06-21,0001019849-24-000089,8.01,N,UND,THIRD_PARTY,THIRD_PARTY,CDK,CDK Global (DMS provider) incident; hosting not stated in this filing,,,,https://www.sec.gov/Archives/edgar/data/1019849/000101984924000089/pag-20240619.htm
25,SONIC AUTOMOTIVE INC,2024-06-21,0001043509-24-000059,8.01,Y,CLOUD,THIRD_PARTY,THIRD_PARTY,CDK,"dealer management system hosted by CDK, a third-party provider, disrupted by CDK incident",,,,https://www.sec.gov/Archives/edgar/data/1043509/000104350924000059/sah-20240619.htm
26,GROUP 1 AUTOMOTIVE INC,2024-06-24,0001031203-24-000048,8.01,N,CLOUD,THIRD_PARTY,THIRD_PARTY,CDK,CDK software-as-a-service platform disrupted by CDK incident,,,,https://www.sec.gov/Archives/edgar/data/1031203/000103120324000048/gpi-20240619.htm
27,LITHIA MOTORS INC,2024-06-24,0001023128-24-000079,8.01,N,CLOUD,THIRD_PARTY,THIRD_PARTY,CDK,CDK hosted dealer management system disrupted by CDK incident,,,,https://www.sec.gov/Archives/edgar/data/1023128/000102312824000079/lad-20240619.htm
28,"Affirm Holdings, Inc.",2024-07-01,0001820953-24-000027,8.01,N,UND,THIRD_PARTY,THIRD_PARTY,EVOLVE,card issuer Evolve Bank breached; Affirm systems not compromised,,,,https://www.sec.gov/Archives/edgar/data/1820953/000182095324000027/afrm-20240625.htm
29,"Crimson Wine Group, Ltd",2024-07-05,0001562151-24-000030,8.01,Y,UND,OTHER,OTHER,,third party accessed certain technology systems,,,,https://www.sec.gov/Archives/edgar/data/1562151/000156215124000030/cwgl-20240630.htm
30,AT&T INC.,2024-07-12,0000732717-24-000046,1.05,Y,CLOUD,OTHER,OTHER,,threat actors accessed an AT&T workspace on a third-party cloud platform; method not stated,,,press links this to the 2024 Snowflake customer campaign; not stated in filing,https://www.sec.gov/Archives/edgar/data/732717/000073271724000046/t-20240506.htm
31,BASSETT FURNITURE INDUSTRIES INC,2024-07-15,0001437749-24-022743,1.05,Y,UND,OTHER,OTHER,,threat actor encrypted some data files,,,,https://www.sec.gov/Archives/edgar/data/10329/000143774924022743/bset20240715_8k.htm
32,"Cadre Holdings, Inc.",2024-07-19,0001104659-24-081176,8.01,N,UND,OTHER,OTHER,,third party accessed certain technology systems,,,,https://www.sec.gov/Archives/edgar/data/1860543/000110465924081176/tm2419841d1_8k.htm
33,META MATERIALS INC.,2024-08-01,0000950170-24-089345,1.05,Y,UND,INSIDER,INSIDER,,a former executive officer deliberately deactivated the company website,,,,https://www.sec.gov/Archives/edgar/data/1431959/000095017024089345/mmat-20240725.htm
34,ADT Inc.,2024-08-08,0000950157-24-001064,8.01,N,UND,OTHER,OTHER,,unauthorized actors accessed databases containing customer order information,,,first of two ADT incidents,https://www.sec.gov/Archives/edgar/data/1703056/000095015724001064/form8k.htm
35,ADT Inc.,2024-10-07,0001193125-24-233900,8.01,N,ONPREM,THIRD_PARTY,CREDENTIAL,,accessed ADT's network using compromised credentials obtained through a third-party business partner,,,second ADT incident,https://www.sec.gov/Archives/edgar/data/1703056/000119312524233900/d876174d8k.htm
36,MICROCHIP TECHNOLOGY INC,2024-08-20,0000827054-24-000153,8.01,N,ONPREM,OTHER,OTHER,,unauthorized party disrupted use of certain servers,,,,https://www.sec.gov/Archives/edgar/data/827054/000082705424000153/mchp-20240820.htm
37,HALLIBURTON CO,2024-09-03,0000045012-24-000052,1.05,Y,UND,OTHER,OTHER,,third party gained access to certain systems,,,,https://www.sec.gov/Archives/edgar/data/45012/000004501224000052/hal-20240830.htm
38,"American Water Works Company, Inc.",2024-10-07,0001193125-24-233300,8.01,N,ONPREM,OTHER,OTHER,,unauthorized activity within its computer networks and systems,,,,https://www.sec.gov/Archives/edgar/data/1410636/000119312524233300/d869346d8k.htm
39,HEALTHCARE SERVICES GROUP INC,2024-10-16,0000731012-24-000134,8.01,N,UND,OTHER,OTHER,,unauthorized activity within some systems,,,,https://www.sec.gov/Archives/edgar/data/731012/000073101224000134/hcsg-20241009.htm
40,NEWPARK RESOURCES INC,2024-11-07,0000071829-24-000111,8.01,N,ONPREM,OTHER,OTHER,,ransomware; third party accessed internal information systems,,,,https://www.sec.gov/Archives/edgar/data/71829/000007182924000111/nr-20241029.htm
41,"iLearningEngines, Inc.",2024-11-18,0001213900-24-099394,1.05,Y,ONPREM,OTHER,OTHER,,threat actor accessed environment and files on its network; misdirected a wire payment,250000,250000,"misdirected wire, not recovered",https://www.sec.gov/Archives/edgar/data/1835972/000121390024099394/ea0221424-8k_ilearning.htm
42,ENGLOBAL CORP,2024-12-02,0001654954-24-015098,1.05,Y,UND,OTHER,OTHER,,threat actor accessed IT system and encrypted data files,,,,https://www.sec.gov/Archives/edgar/data/933738/000165495424015098/eng_8k.htm
43,"ARTIVION, INC.",2024-12-09,0000784199-24-000253,8.01,N,UND,OTHER,OTHER,,acquisition and encryption of files,,,,https://www.sec.gov/Archives/edgar/data/784199/000078419924000253/aort-20241209.htm
44,"Krispy Kreme, Inc.",2024-12-11,0001857154-24-000123,1.05,Y,UND,OTHER,OTHER,,unauthorized activity on a portion of IT systems,,,,https://www.sec.gov/Archives/edgar/data/1857154/000185715424000123/dnut-20241211.htm
45,"LEE ENTERPRISES, Inc",2025-02-18,0001628280-25-005855,1.05,Y,ONPREM,OTHER,OTHER,,threat actors accessed the Company's network and encrypted critical applications,,,,https://www.sec.gov/Archives/edgar/data/58361/000162828025005855/lee-20250212.htm
46,NIOCORP DEVELOPMENTS LTD,2025-02-19,0001539497-25-000735,8.01,N,UND,OTHER,OTHER,,unauthorized access to information and email systems; misdirected vendor payments,500000,500000,"misdirected payments, recovery uncertain",https://www.sec.gov/Archives/edgar/data/1512228/000153949725000735/n2574_x251-8k.htm
47,NATIONAL PRESTO INDUSTRIES INC,2025-03-06,0001437749-25-006475,1.05,Y,UND,OTHER,OTHER,,system outage caused by a cybersecurity incident,,,,https://www.sec.gov/Archives/edgar/data/80172/000143774925006475/npk20250306_8k.htm
48,Sensata Technologies Holding plc,2025-04-09,0001477294-25-000047,1.05,Y,ONPREM,OTHER,OTHER,,ransomware encrypted certain devices in the Company's network,,,,https://www.sec.gov/Archives/edgar/data/1477294/000147729425000047/st-20250406.htm
49,CONDUENT Inc,2025-04-14,0001677703-25-000067,1.05,Y,UND,OTHER,OTHER,,threat actor accessed a limited portion of the environment,,,"material notification expenses, amount not stated",https://www.sec.gov/Archives/edgar/data/1677703/000167770325000067/cndt-20250409.htm
50,Global Crossing Airlines Group Inc.,2025-05-09,0000950170-25-068004,8.01,N,ONPREM,OTHER,OTHER,,unauthorized activity within computer networks; isolated the affected servers,,,,https://www.sec.gov/Archives/edgar/data/1846084/000095017025068004/jetmf-20250505.htm
51,NUCOR CORP,2025-05-14,0001193125-25-119311,1.05,Y,UND,OTHER,OTHER,,unauthorized access to certain IT systems,,,,https://www.sec.gov/Archives/edgar/data/73309/000119312525119311/d795264d8k.htm
52,"Coinbase Global, Inc.",2025-05-15,0001679788-25-000094,1.05,Y,UND,INSIDER,INSIDER,,threat actor paid contractors or employees in support roles to collect data from internal systems,180000000,400000000,"preliminary estimate, remediation and customer reimbursement",https://www.sec.gov/Archives/edgar/data/1679788/000167978825000094/coin-20250514.htm
53,"Zoomcar Holdings, Inc.",2025-06-13,0001213900-25-054319,1.05,Y,UND,OTHER,OTHER,,unauthorized access to a dataset of 8.4M users; location not stated (remediation mentions cloud and internal network),,,,https://www.sec.gov/Archives/edgar/data/1854275/000121390025054319/ea0245724-8k_zoomcar.htm
54,AFLAC INC,2025-06-20,0000004977-25-000128,8.01,N,ONPREM,OTHER,OTHER,,unauthorized access to its network,,,,https://www.sec.gov/Archives/edgar/data/4977/000000497725000128/afl-20250620.htm
55,UNITED NATURAL FOODS INC,2025-06-26,0001020859-25-000036,1.05,Y,UND,OTHER,OTHER,,unauthorized activity on certain IT systems,,,,https://www.sec.gov/Archives/edgar/data/1020859/000102085925000036/unfi-20250621.htm
56,"ALASKA AIR GROUP, INC.",2025-06-27,0000766421-25-000023,8.01,N,UND,OTHER,OTHER,,incident affecting Hawaiian Airlines IT systems,,,,https://www.sec.gov/Archives/edgar/data/766421/000076642125000023/alk-20250627.htm
57,Ingram Micro Holding Corp,2025-07-07,0001628280-25-034372,8.01,N,ONPREM,OTHER,OTHER,,ransomware on certain internal systems,,,,https://www.sec.gov/Archives/edgar/data/1897762/000162828025034372/ingm-20250705.htm
58,"Inotiv, Inc.",2025-08-18,0001628280-25-040658,8.01,N,ONPREM,OTHER,OTHER,,threat actor encrypted systems; access to networks and systems impacted,,,,https://www.sec.gov/Archives/edgar/data/720154/000162828025040658/notv-20250808.htm
59,DATA I/O CORP,2025-08-21,0001654954-25-009925,1.05,Y,UND,THIRD_PARTY,UNPATCHED,,ransomware originated from a vulnerability of a third-party firewall service provider,180000,180000,Q3 2025 remediation expenses,https://www.sec.gov/Archives/edgar/data/351998/000165495425009925/daio_8k.htm
60,WYTEC INTERNATIONAL INC,2025-08-29,0001683168-25-006583,1.05,Y,UND,OTHER,OTHER,,website defaced; hosting not stated,,,,https://www.sec.gov/Archives/edgar/data/1560143/000168316825006583/wytec_8k.htm
61,"EVERTEC, Inc.",2025-09-02,0001559865-25-000043,8.01,N,UND,THIRD_PARTY,CREDENTIAL,,unauthorized transactions entered into Sinqia's Pix environment using legitimate IT vendors' credentials,,,"R$710M unauthorized transactions processed, partly recovered; not a company cost",https://www.sec.gov/Archives/edgar/data/1559865/000155986525000043/evtc-20250829.htm
62,RTX Corp,2025-09-24,0000101829-25-000036,8.01,N,UND,OTHER,OTHER,,"ransomware on systems supporting MUSE software, residing on customer-specific networks outside the RTX enterprise network",,,,https://www.sec.gov/Archives/edgar/data/101829/000010182925000036/rtx-20250919.htm
63,BK Technologies Corp,2025-10-06,0001437749-25-030540,8.01,N,UND,OTHER,OTHER,,suspicious activity involving IT systems,,,,https://www.sec.gov/Archives/edgar/data/2186/000143774925030540/bkti20251006_8k.htm
64,"F5, INC.",2025-10-15,0001048695-25-000149,1.05,Y,UND,OTHER,OTHER,,nation-state actor had long-term access to the BIG-IP product development environment and engineering knowledge platform,,,,https://www.sec.gov/Archives/edgar/data/1048695/000104869525000149/ffiv-20251015.htm
65,JEWETT CAMERON TRADING CO LTD,2025-10-21,0001079973-25-001631,1.05,Y,ONPREM,OTHER,OTHER,,encryption and monitoring software deployed to internal corporate IT systems,,,,https://www.sec.gov/Archives/edgar/data/885307/000107997325001631/jctc_8k.htm
66,BayFirst Financial Corp.,2025-10-30,0001649739-25-000246,1.05,Y,UND,THIRD_PARTY,THIRD_PARTY,,incident at a third-party marketing services provider; limited to that provider's environment,,,,https://www.sec.gov/Archives/edgar/data/1649739/000164973925000246/bafn-20251028.htm
67,"Phoenix Education Partners, Inc.",2025-12-02,0000950142-25-003098,8.01,N,UND,UNPATCHED,UNPATCHED,ORACLE_EBS,data exfiltrated by exploiting an unknown vulnerability in Oracle E-Business Suite,,,hosting of Oracle EBS not stated,https://www.sec.gov/Archives/edgar/data/1600222/000095014225003098/eh250711375_8k.htm
68,"Coupang, Inc.",2025-12-16,0001834584-25-000196,1.05,Y,UND,INSIDER,INSIDER,,a former employee obtained data on up to 33M customer accounts,1200000000,1200000000,customer compensation vouchers (~1.685T won),https://www.sec.gov/Archives/edgar/data/1834584/000183458425000196/cpng-20251215.htm
