accession,company,file_date,form,item,screening_result
0001628280-24-014795,3M CO  (MMM),2024-04-04,8-K,8.01,"excluded: not an incident disclosure (phrase appears in risk factors, or no incident text)"
0000950170-25-084312,ACCO BRANDS Corp  (ACCO),2025-06-10,8-K,8.01,"excluded: not an incident disclosure (phrase appears in risk factors, or no incident text)"
0001193125-25-021878,"ACELYRIN, Inc.  (SLRN)",2025-02-06,8-K,8.01,"excluded: not an incident disclosure (phrase appears in risk factors, or no incident text)"
0000950157-24-001064,ADT Inc.  (ADT),2024-08-08,8-K,8.01,incident (first filing)
0001193125-24-233900,ADT Inc.  (ADT),2024-10-07,8-K,8.01,incident (first filing)
0001193125-25-163851,ADVANCE AUTO PARTS INC  (AAP),2025-07-24,8-K,8.01,"excluded: not an incident disclosure (phrase appears in risk factors, or no incident text)"
0000004977-25-000128,AFLAC INC  (AFL),2025-06-20,8-K,8.01,incident (first filing)
0000766421-25-000023,"ALASKA AIR GROUP, INC.  (ALK)",2025-06-27,8-K,8.01,incident (first filing)
0001104659-25-010169,ALUMIS INC.  (ALMS),2025-02-06,8-K,8.01,"excluded: not an incident disclosure (phrase appears in risk factors, or no incident text)"
0001193125-24-193425,AMERICAN SUPERCONDUCTOR CORP /DE/  (AMSC),2024-08-05,8-K,8.01,"excluded: not an incident disclosure (phrase appears in risk factors, or no incident text)"
0001193125-25-314153,AMERICAN SUPERCONDUCTOR CORP /DE/  (AMSC),2025-12-10,8-K,8.01,"excluded: not an incident disclosure (phrase appears in risk factors, or no incident text)"
0000784199-24-000253,"ARTIVION, INC.  (AORT)",2024-12-09,8-K,8.01,incident (first filing)
0000732717-24-000046,"AT&T INC.  (T, TBB, TBC, T-PA, T-PC)",2024-07-12,8-K,1.05,incident (first filing)
0001193125-25-051083,"Acadia Healthcare Company, Inc.  (ACHC)",2025-03-10,8-K,8.01,excluded: notes offering
0001820953-24-000027,"Affirm Holdings, Inc.  (AFRM)",2024-07-01,8-K,8.01,incident (first filing)
0001193125-24-233300,"American Water Works Company, Inc.  (AWK)",2024-10-07,8-K,8.01,incident (first filing)
0001104659-24-076349,"B&G Foods, Inc.  (BGS)",2024-06-28,8-K,8.01,"excluded: not an incident disclosure (phrase appears in risk factors, or no incident text)"
0001104659-25-064720,"B&G Foods, Inc.  (BGS)",2025-07-01,8-K,8.01,"excluded: not an incident disclosure (phrase appears in risk factors, or no incident text)"
0001104659-25-102342,"B&G Foods, Inc.  (BGS)",2025-10-27,8-K,8.01,"excluded: not an incident disclosure (phrase appears in risk factors, or no incident text)"
0001213900-24-031252,"B. Riley Financial, Inc.  (RILY, RILYG, RILYK, RILYL, RILYM, RILYN, RILYP, RILYT, RILYZ)",2024-04-08,8-K,1.05,incident (first filing)
0001140361-24-042932,BARNES GROUP INC  (B),2024-10-07,8-K,8.01,"excluded: not an incident disclosure (phrase appears in risk factors, or no incident text)"
0001437749-24-022743,BASSETT FURNITURE INDUSTRIES INC  (BSET),2024-07-15,8-K,1.05,incident (first filing)
0001437749-24-024679,BASSETT FURNITURE INDUSTRIES INC  (BSET),2024-08-06,8-K/A,1.05,update of incident 31
0001437749-25-030540,BK Technologies Corp  (BKTI),2025-10-06,8-K,8.01,incident (first filing)
0001437749-25-036171,"BRAND HOUSE COLLECTIVE, INC.  (TBHC)",2025-11-25,8-K,8.01,"excluded: not an incident disclosure (phrase appears in risk factors, or no incident text)"
0001193125-24-094769,BRANDYWINE REALTY TRUST  (BDN),2024-04-12,8-K,8.01,"excluded: not an incident disclosure (phrase appears in risk factors, or no incident text)"
0001193125-24-133132,BRANDYWINE REALTY TRUST  (BDN),2024-05-07,8-K,1.05,incident (first filing)
0001193125-24-147625,BRANDYWINE REALTY TRUST  (BDN),2024-05-28,8-K/A,1.05,update of incident 19
0001193125-25-230150,BRANDYWINE REALTY TRUST  (BDN),2025-10-03,8-K,8.01,"excluded: not an incident disclosure (phrase appears in risk factors, or no incident text)"
0000078890-24-000192,BRINKS CO  (BCO),2024-06-05,8-K,8.01,"excluded: not an incident disclosure (phrase appears in risk factors, or no incident text)"
0000078890-24-000225,BRINKS CO  (BCO),2024-06-12,8-K,8.01,"excluded: not an incident disclosure (phrase appears in risk factors, or no incident text)"
0001649739-25-000246,BayFirst Financial Corp.  (BAFN),2025-10-30,8-K,1.05,incident (first filing)
0001651308-24-000123,"BeiGene, Ltd.  (BGNE, BEIGF)",2024-09-30,8-K,8.01,"excluded: not an incident disclosure (phrase appears in risk factors, or no incident text)"
0001193125-24-073962,CANADIAN PACIFIC KANSAS CITY LTD/CN  (CP),2024-03-21,8-K,8.01,"excluded: not an incident disclosure (phrase appears in risk factors, or no incident text)"
0001193125-25-062642,CANADIAN PACIFIC KANSAS CITY LTD/CN  (CP),2025-03-25,8-K,8.01,"excluded: not an incident disclosure (phrase appears in risk factors, or no incident text)"
0001193125-25-114926,"CATALYST PHARMACEUTICALS, INC.  (CPRX)",2025-05-07,8-K,8.01,excluded: earnings release mentioning the Change Healthcare incident
0001677703-25-000067,CONDUENT Inc  (CNDT),2025-04-14,8-K,1.05,incident (first filing)
0001104659-24-081176,"Cadre Holdings, Inc.  (CDRE)",2024-07-19,8-K,8.01,incident (first filing)
0001104659-24-028288,"Cencora, Inc.  (COR)",2024-02-27,8-K,1.05,incident (first filing)
0001104659-24-084351,"Cencora, Inc.  (COR)",2024-07-31,8-K/A,1.05,update of incident 11
0001679788-25-000094,"Coinbase Global, Inc.  (COIN)",2025-05-15,8-K,1.05,incident (first filing)
0001834584-25-000196,"Coupang, Inc.  (CPNG)",2025-12-16,8-K,1.05,incident (first filing)
0001834584-25-000202,"Coupang, Inc.  (CPNG)",2025-12-29,8-K/A,1.05,update of incident 68
0001562151-24-000030,"Crimson Wine Group, Ltd  (CWGL)",2024-07-05,8-K,8.01,incident (first filing)
0001562151-24-000032,"Crimson Wine Group, Ltd  (CWGL)",2024-07-25,8-K,1.05,update of incident 29
0001868419-25-000018,"Cycurion, Inc.  (CYCU, CYCUW)",2025-11-14,8-K,8.01,excluded: contract award; Nasdaq compliance
0001654954-25-009925,DATA I/O CORP  (DAIO),2025-08-21,8-K,1.05,incident (first filing)
0001654954-25-010613,DATA I/O CORP  (DAIO),2025-09-10,8-K,1.05,update of incident 59
0001206774-25-000368,DAVITA INC.  (DVA),2025-05-20,8-K,8.01,"excluded: not an incident disclosure (phrase appears in risk factors, or no incident text)"
0001206774-25-000369,DAVITA INC.  (DVA),2025-05-20,8-K,8.01,"excluded: not an incident disclosure (phrase appears in risk factors, or no incident text)"
0001193125-24-273982,"DIEBOLD NIXDORF, Inc  (DBD)",2024-12-10,8-K,8.01,excluded: notes offering
0001193125-24-275606,"DIEBOLD NIXDORF, Inc  (DBD)",2024-12-11,8-K,8.01,excluded: notes offering
0001467623-24-000024,"DROPBOX, INC.  (DBX)",2024-05-01,8-K,1.05,incident (first filing)
0001822359-24-000037,DocGo Inc.  (DCGO),2024-05-07,8-K,8.01,incident (first filing)
0001193125-25-052056,"ENBRIDGE INC  (ENB, EBBGF, EBBNF, EBGEF, EBRGF, EBRZF, ENBFF, ENBGF, ENBHF, ENBMF, ENBNF, ENBOF, ENBRF, ENBSF)",2025-03-11,8-K,8.01,"excluded: not an incident disclosure (phrase appears in risk factors, or no incident text)"
0001193125-24-066167,"ENBRIDGE INC  (ENB, EBBGF, EBBNF, EBGEF, EBRGF, EBRZF, ENBFF, ENBGF, ENBHF, ENBMF, ENBNF, ENBOF, ENBRF, ENNPF)",2024-03-13,8-K,8.01,"excluded: not an incident disclosure (phrase appears in risk factors, or no incident text)"
0001654954-24-015098,ENGLOBAL CORP  (ENG),2024-12-02,8-K,1.05,incident (first filing)
0001654954-25-000798,ENGLOBAL CORP  (ENGC),2025-01-27,8-K/A,1.05,update of incident 42
0001559865-25-000043,"EVERTEC, Inc.  (EVTC)",2025-09-02,8-K,8.01,incident (first filing)
0001493152-24-047102,"Eastside Distilling, Inc.  (EAST)",2024-11-21,8-K,8.01,excluded: merger information
0001104659-24-032682,Equitrans Midstream Corp  (EQTNP),2024-03-11,8-K,8.01,"excluded: not an incident disclosure (phrase appears in risk factors, or no incident text)"
0001048695-25-000149,"F5, INC.  (FFIV)",2025-10-15,8-K,1.05,incident (first filing)
0000798941-24-000042,"FIRST CITIZENS BANCSHARES INC /DE/  (FCNCA, FCNCB, FCNCO, FCNCP)",2024-08-14,8-K,8.01,"excluded: not an incident disclosure (phrase appears in risk factors, or no incident text)"
0001654954-24-002505,Federal Home Loan Bank of New York,2024-03-01,8-K,1.05,incident (first filing)
0001331875-24-000005,"Fidelity National Financial, Inc.  (FNF)",2024-01-09,8-K/A,8.01,incident (first filing)
0001193125-25-086294,"Fidelity National Information Services, Inc.  (FIS)",2025-04-21,8-K,8.01,"excluded: not an incident disclosure (phrase appears in risk factors, or no incident text)"
0000950170-23-072513,First American Financial Corp  (FAF),2023-12-22,8-K,1.05,incident (first filing)
0000950170-23-073848,First American Financial Corp  (FAF),2023-12-29,8-K/A,1.05,update of incident 2
0000950170-24-004247,First American Financial Corp  (FAF),2024-01-12,8-K/A,1.05,update of incident 2
0001193125-24-100764,"Frontier Communications Parent, Inc.  (FYBR)",2024-04-18,8-K,1.05,incident (first filing)
0001140361-24-040148,"Frontier Communications Parent, Inc.  (FYBR)",2024-09-05,8-K,8.01,"excluded: not an incident disclosure (phrase appears in risk factors, or no incident text)"
0001104659-25-036553,GLOBAL PAYMENTS INC  (GPN),2025-04-21,8-K,8.01,"excluded: not an incident disclosure (phrase appears in risk factors, or no incident text)"
0000320335-24-000029,"GLOBE LIFE INC.  (GL, GL-PD)",2024-06-14,8-K,8.01,incident (first filing)
0001031203-24-000048,GROUP 1 AUTOMOTIVE INC  (GPI),2024-06-24,8-K,8.01,incident (first filing)
0000950170-24-084675,"Galaxy Gaming, Inc.  (GLXZ)",2024-07-18,8-K,8.01,"excluded: not an incident disclosure (phrase appears in risk factors, or no incident text)"
0000950170-25-068004,"Global Crossing Airlines Group Inc.  (JETBF, JETMF)",2025-05-09,8-K,8.01,incident (first filing)
0001140361-24-048072,Greenbrook TMS Inc.  (GBNHF),2024-11-29,8-K,8.01,"excluded: not an incident disclosure (phrase appears in risk factors, or no incident text)"
0000045012-24-000052,HALLIBURTON CO  (HAL),2024-09-03,8-K,1.05,incident (first filing)
0000731012-24-000134,HEALTHCARE SERVICES GROUP INC  (HCSG),2024-10-16,8-K,8.01,incident (first filing)
0000773840-24-000054,HONEYWELL INTERNATIONAL INC  (HON),2024-04-25,8-K,8.01,"excluded: not an incident disclosure (phrase appears in risk factors, or no incident text)"
0001645590-24-000009,Hewlett Packard Enterprise Co  (HPE),2024-01-24,8-K,1.05,incident (first filing)
0001558370-24-000544,Hilltop Holdings Inc.  (HTH),2024-01-25,8-K,8.01,"excluded: not an incident disclosure (phrase appears in risk factors, or no incident text)"
0001558370-24-005315,Hilltop Holdings Inc.  (HTH),2024-04-18,8-K,8.01,"excluded: not an incident disclosure (phrase appears in risk factors, or no incident text)"
0001558370-24-010192,Hilltop Holdings Inc.  (HTH),2024-07-25,8-K,8.01,"excluded: not an incident disclosure (phrase appears in risk factors, or no incident text)"
0001558370-24-013630,Hilltop Holdings Inc.  (HTH),2024-10-24,8-K,8.01,"excluded: not an incident disclosure (phrase appears in risk factors, or no incident text)"
0001558370-25-000545,Hilltop Holdings Inc.  (HTH),2025-01-30,8-K,8.01,"excluded: not an incident disclosure (phrase appears in risk factors, or no incident text)"
0001558370-25-005425,Hilltop Holdings Inc.  (HTH),2025-04-24,8-K,8.01,"excluded: not an incident disclosure (phrase appears in risk factors, or no incident text)"
0001558370-25-009545,Hilltop Holdings Inc.  (HTH),2025-07-24,8-K,8.01,"excluded: not an incident disclosure (phrase appears in risk factors, or no incident text)"
0001104659-25-101845,Hilltop Holdings Inc.  (HTH),2025-10-23,8-K,8.01,"excluded: not an incident disclosure (phrase appears in risk factors, or no incident text)"
0001466085-24-000113,"INDEPENDENCE REALTY TRUST, INC.  (IRT)",2024-09-05,8-K,8.01,"excluded: not an incident disclosure (phrase appears in risk factors, or no incident text)"
0001140361-24-034518,"Independent Bank Group, Inc.  (IBTX)",2024-07-29,8-K,8.01,"excluded: not an incident disclosure (phrase appears in risk factors, or no incident text)"
0001628280-25-034372,Ingram Micro Holding Corp  (INGM),2025-07-07,8-K,8.01,incident (first filing)
0001628280-25-040658,"Inotiv, Inc.  (NOTV)",2025-08-18,8-K,8.01,incident (first filing)
0001628280-25-042837,"Inotiv, Inc.  (NOTV)",2025-09-25,8-K,8.01,update: securities litigation over the incident
0001079973-25-001631,JEWETT CAMERON TRADING CO LTD  (JCTC),2025-10-21,8-K,1.05,incident (first filing)
0001819848-25-000490,"Joby Aviation, Inc.  (JOBY, JOBY-WT)",2025-08-04,8-K,8.01,"excluded: not an incident disclosure (phrase appears in risk factors, or no incident text)"
0001104659-24-113659,Journey Medical Corp  (DERM),2024-11-04,8-K,8.01,"excluded: not an incident disclosure (phrase appears in risk factors, or no incident text)"
0000719733-24-000015,KEY TRONIC CORP  (KTCC),2024-05-10,8-K,1.05,incident (first filing)
0000719733-24-000035,KEY TRONIC CORP  (KTCC),2024-06-14,8-K/A,1.05,update of incident 21
0000719733-24-000047,KEY TRONIC CORP  (KTCC),2024-08-06,8-K/A,1.05,update of incident 21
0001069258-25-000062,"KRATOS DEFENSE & SECURITY SOLUTIONS, INC.  (KTOS)",2025-11-07,8-K,8.01,"excluded: not an incident disclosure (phrase appears in risk factors, or no incident text)"
0000056978-24-000075,KULICKE & SOFFA INDUSTRIES INC  (KLIC),2024-06-12,8-K/A,8.01,incident (first filing)
0001857154-24-000123,"Krispy Kreme, Inc.  (DNUT)",2024-12-11,8-K,1.05,incident (first filing)
0001628280-25-005855,"LEE ENTERPRISES, Inc  (LEE)",2025-02-18,8-K,1.05,incident (first filing)
0001628280-25-010944,"LEE ENTERPRISES, Inc  (LEE)",2025-03-06,8-K/A,1.05,update of incident 45
0001023128-24-000079,LITHIA MOTORS INC  (LAD),2024-06-24,8-K,8.01,incident (first filing)
0001213900-24-056190,La Rosa Holdings Corp.  (LRHC),2024-06-26,8-K,8.01,"excluded: not an incident disclosure (phrase appears in risk factors, or no incident text)"
0001213900-24-095442,"Lomond Therapeutics Holdings, Inc.",2024-11-07,8-K,8.01,"excluded: not an incident disclosure (phrase appears in risk factors, or no incident text)"
0001104659-25-078565,"Lulu's Fashion Lounge Holdings, Inc.  (LVLU)",2025-08-14,8-K,8.01,"excluded: not an incident disclosure (phrase appears in risk factors, or no incident text)"
0000950170-24-030041,MARINEMAX INC  (HZO),2024-03-12,8-K,1.05,incident (first filing)
0000950170-24-038881,MARINEMAX INC  (HZO),2024-04-01,8-K/A,1.05,update of incident 13
0000927653-24-000110,MCKESSON CORP  (MCK),2024-09-10,8-K,8.01,"excluded: not an incident disclosure (phrase appears in risk factors, or no incident text)"
0001628280-25-028495,MCKESSON CORP  (MCK),2025-05-30,8-K,8.01,"excluded: not an incident disclosure (phrase appears in risk factors, or no incident text)"
0000950170-24-089345,META MATERIALS INC.  (MMATQ),2024-08-01,8-K,1.05,incident (first filing)
0000789570-25-000019,MGM Resorts International  (MGM),2025-04-30,8-K,8.01,"excluded: not an incident disclosure (phrase appears in risk factors, or no incident text)"
0000827054-24-000153,MICROCHIP TECHNOLOGY INC  (MCHP),2024-08-20,8-K,8.01,incident (first filing)
0000827054-24-000181,MICROCHIP TECHNOLOGY INC  (MCHP),2024-09-04,8-K,8.01,update of incident 36
0001193125-24-011295,MICROSOFT CORP  (MSFT),2024-01-19,8-K,1.05,incident (first filing)
0001193125-24-062997,MICROSOFT CORP  (MSFT),2024-03-08,8-K/A,1.05,update of incident 5
0001193125-25-001854,MICROSTRATEGY Inc  (MSTR),2025-01-06,8-K,8.01,"excluded: not an incident disclosure (phrase appears in risk factors, or no incident text)"
0000950170-25-094137,"MICROSTRATEGY Inc  (MSTR, STRD, STRF, STRK)",2025-07-07,8-K,8.01,"excluded: not an incident disclosure (phrase appears in risk factors, or no incident text)"
0001193125-25-073989,"MICROSTRATEGY Inc  (MSTR, STRF, STRK)",2025-04-07,8-K,8.01,"excluded: not an incident disclosure (phrase appears in risk factors, or no incident text)"
0001140361-25-029079,"MasterBrand, Inc.  (MBC)",2025-08-06,8-K,8.01,"excluded: not an incident disclosure (phrase appears in risk factors, or no incident text)"
0001140361-25-033560,Mechanics Bancorp  (HMST),2025-09-02,8-K,8.01,"excluded: not an incident disclosure (phrase appears in risk factors, or no incident text)"
0001437749-25-006475,NATIONAL PRESTO INDUSTRIES INC  (NPK),2025-03-06,8-K,1.05,incident (first filing)
0000071829-24-000111,NEWPARK RESOURCES INC  (NR),2024-11-07,8-K,8.01,incident (first filing)
0001539497-25-000735,"NIOCORP DEVELOPMENTS LTD  (NB, NIOBW)",2025-02-19,8-K,8.01,incident (first filing)
0001193125-25-167156,NORFOLK SOUTHERN CORP  (NSC),2025-07-29,8-K,8.01,"excluded: not an incident disclosure (phrase appears in risk factors, or no incident text)"
0001193125-25-270037,NORFOLK SOUTHERN CORP  (NSC),2025-11-06,8-K,8.01,"excluded: not an incident disclosure (phrase appears in risk factors, or no incident text)"
0001193125-25-119311,NUCOR CORP  (NUE),2025-05-14,8-K,1.05,incident (first filing)
0001193125-25-143135,NUCOR CORP  (NUE),2025-06-20,8-K/A,1.05,update of incident 51
0001475841-24-000047,National Bank Holdings Corp  (NBHC),2024-10-22,8-K,8.01,"excluded: not an incident disclosure (phrase appears in risk factors, or no incident text)"
0001475841-25-000003,National Bank Holdings Corp  (NBHC),2025-01-22,8-K,8.01,"excluded: not an incident disclosure (phrase appears in risk factors, or no incident text)"
0001193125-24-094797,ORASURE TECHNOLOGIES INC  (OSUR),2024-04-12,8-K,1.05,incident (first filing)
0001579877-24-000003,OUTFRONT Media Inc.  (OUT),2024-02-21,8-K,8.01,"excluded: not an incident disclosure (phrase appears in risk factors, or no incident text)"
0001579877-24-000044,OUTFRONT Media Inc.  (OUT),2024-05-02,8-K,8.01,"excluded: not an incident disclosure (phrase appears in risk factors, or no incident text)"
0001579877-24-000066,OUTFRONT Media Inc.  (OUT),2024-06-10,8-K,8.01,"excluded: not an incident disclosure (phrase appears in risk factors, or no incident text)"
0001579877-24-000083,OUTFRONT Media Inc.  (OUT),2024-08-06,8-K,8.01,"excluded: not an incident disclosure (phrase appears in risk factors, or no incident text)"
0001579877-24-000088,OUTFRONT Media Inc.  (OUT),2024-11-12,8-K,8.01,"excluded: not an incident disclosure (phrase appears in risk factors, or no incident text)"
0001579877-25-000029,OUTFRONT Media Inc.  (OUT),2025-02-25,8-K,8.01,"excluded: not an incident disclosure (phrase appears in risk factors, or no incident text)"
0001579877-25-000055,OUTFRONT Media Inc.  (OUT),2025-05-08,8-K,8.01,"excluded: not an incident disclosure (phrase appears in risk factors, or no incident text)"
0001579877-25-000101,OUTFRONT Media Inc.  (OUT),2025-08-05,8-K,8.01,"excluded: not an incident disclosure (phrase appears in risk factors, or no incident text)"
0001579877-25-000116,OUTFRONT Media Inc.  (OUT),2025-11-06,8-K,8.01,"excluded: not an incident disclosure (phrase appears in risk factors, or no incident text)"
0001660134-25-000156,"Okta, Inc.  (OKTA)",2025-08-26,8-K,8.01,excluded: derivative litigation over a 2023 incident
0001628280-24-013613,"P3 Health Partners Inc.  (PIII, PIIIW)",2024-03-28,8-K,8.01,"excluded: not an incident disclosure (phrase appears in risk factors, or no incident text)"
0001019849-24-000089,"PENSKE AUTOMOTIVE GROUP, INC.  (PAG)",2024-06-21,8-K,8.01,incident (first filing)
0001104659-25-124540,PEOPLES FINANCIAL SERVICES CORP.  (PFIS),2025-12-29,8-K,8.01,"excluded: not an incident disclosure (phrase appears in risk factors, or no incident text)"
0001193125-24-131525,PERFICIENT INC  (PRFT),2024-05-06,8-K,8.01,"excluded: not an incident disclosure (phrase appears in risk factors, or no incident text)"
0001808834-24-000020,"PROG Holdings, Inc.  (PRG)",2024-02-21,8-K,8.01,"excluded: not an incident disclosure (phrase appears in risk factors, or no incident text)"
0001193125-24-033753,"PRUDENTIAL FINANCIAL INC  (PFH, PRH, PRS, PRU)",2024-02-13,8-K,1.05,incident (first filing)
0001193125-24-040749,"PRUDENTIAL FINANCIAL INC  (PFH, PRH, PRS, PRU)",2024-02-21,8-K/A,1.05,update of incident 9
0001883085-25-000204,"Pagaya Technologies Ltd.  (PGY, PGYWW)",2025-12-05,8-K,8.01,"excluded: not an incident disclosure (phrase appears in risk factors, or no incident text)"
0001193125-24-212690,Performance Food Group Co  (PFGC),2024-09-04,8-K,8.01,"excluded: not an incident disclosure (phrase appears in risk factors, or no incident text)"
0001193125-24-213191,Performance Food Group Co  (PFGC),2024-09-04,8-K,8.01,"excluded: not an incident disclosure (phrase appears in risk factors, or no incident text)"
0000950170-25-078073,Performance Food Group Co  (PFGC),2025-05-28,8-K,8.01,"excluded: not an incident disclosure (phrase appears in risk factors, or no incident text)"
0001193125-25-204256,Performance Food Group Co  (PFGC),2025-09-16,8-K,8.01,"excluded: not an incident disclosure (phrase appears in risk factors, or no incident text)"
0001193125-25-291981,Performance Food Group Co  (PFGC),2025-11-24,8-K,8.01,"excluded: not an incident disclosure (phrase appears in risk factors, or no incident text)"
0000950142-25-003098,"Phoenix Education Partners, Inc.  (PXED)",2025-12-02,8-K,8.01,incident (first filing)
0001193125-25-023144,Playa Hotels & Resorts N.V.  (PLYA),2025-02-10,8-K,8.01,"excluded: not an incident disclosure (phrase appears in risk factors, or no incident text)"
0001558370-25-009107,Quipt Home Medical Corp.  (QIPT),2025-07-07,8-K,8.01,excluded: acquisition agreement
0001558370-25-011243,Quipt Home Medical Corp.  (QIPT),2025-08-12,8-K,8.01,excluded: acquisition agreement
0000950170-24-033954,"RADIANT LOGISTICS, INC  (RLGT)",2024-03-20,8-K,1.05,incident (first filing)
0001628280-24-006513,RB GLOBAL INC.  (RBA),2024-02-23,8-K,8.01,"excluded: not an incident disclosure (phrase appears in risk factors, or no incident text)"
0001193125-24-137318,"REINSURANCE GROUP OF AMERICA INC  (RGA, RZB, RZC)",2024-05-13,8-K,8.01,"excluded: not an incident disclosure (phrase appears in risk factors, or no incident text)"
0001193125-25-044106,"REINSURANCE GROUP OF AMERICA INC  (RGA, RZB, RZC)",2025-03-03,8-K,8.01,"excluded: not an incident disclosure (phrase appears in risk factors, or no incident text)"
0000101829-25-000036,RTX Corp  (RTX),2025-09-24,8-K,8.01,incident (first filing)
0001043509-24-000059,SONIC AUTOMOTIVE INC  (SAH),2024-06-21,8-K,8.01,incident (first filing)
0001043509-24-000060,SONIC AUTOMOTIVE INC  (SAH),2024-07-05,8-K,1.05,update of incident 25
0001043509-24-000063,SONIC AUTOMOTIVE INC  (SAH),2024-08-05,8-K/A,1.05,update of incident 25
0001193125-25-019298,Sandisk Corp  (SNDK),2025-02-03,8-K,8.01,"excluded: not an incident disclosure (phrase appears in risk factors, or no incident text)"
0001477294-25-000047,Sensata Technologies Holding plc  (ST),2025-04-09,8-K,1.05,incident (first filing)
0001477294-25-000128,Sensata Technologies Holding plc  (ST),2025-10-28,8-K,8.01,"excluded: not an incident disclosure (phrase appears in risk factors, or no incident text)"
0001193125-25-028625,"Shift4 Payments, Inc.  (FOUR)",2025-02-18,8-K,8.01,"excluded: not an incident disclosure (phrase appears in risk factors, or no incident text)"
0001628280-24-014887,Solventum Corp  (SOLV),2024-04-04,8-K,8.01,"excluded: not an incident disclosure (phrase appears in risk factors, or no incident text)"
0000950103-24-002017,SouthState Corp  (SSB),2024-02-09,8-K,1.05,incident (first filing)
0001558370-24-004390,SouthState Corp  (SSB),2024-03-29,8-K/A,1.05,update of incident 7
0001104659-24-076479,"Spirit AeroSystems Holdings, Inc.  (SPR)",2024-07-01,8-K,8.01,"excluded: not an incident disclosure (phrase appears in risk factors, or no incident text)"
0001193125-25-230977,"Strategy Inc  (MSTR, STRC, STRD, STRF, STRK)",2025-10-06,8-K,8.01,"excluded: not an incident disclosure (phrase appears in risk factors, or no incident text)"
0001104659-25-105334,"Stride, Inc.  (LRN)",2025-11-03,8-K,8.01,"excluded: not an incident disclosure (phrase appears in risk factors, or no incident text)"
0001104659-24-030001,"TTEC Holdings, Inc.  (TTEC)",2024-03-01,8-K,8.01,"excluded: not an incident disclosure (phrase appears in risk factors, or no incident text)"
0001104659-25-018285,"TTEC Holdings, Inc.  (TTEC)",2025-02-27,8-K,8.01,"excluded: not an incident disclosure (phrase appears in risk factors, or no incident text)"
0001193125-25-167154,UNION PACIFIC CORP  (UNP),2025-07-29,8-K,8.01,"excluded: not an incident disclosure (phrase appears in risk factors, or no incident text)"
0001193125-25-270046,UNION PACIFIC CORP  (UNP),2025-11-06,8-K,8.01,"excluded: not an incident disclosure (phrase appears in risk factors, or no incident text)"
0000100885-25-000332,UNION PACIFIC CORP  (UNP),2025-11-17,8-K,8.01,"excluded: not an incident disclosure (phrase appears in risk factors, or no incident text)"
0000746838-24-000025,UNISYS CORP  (UIS),2024-10-22,8-K,8.01,"excluded: SEC settlement over 2022 disclosures, no new incident"
0001020859-25-000036,UNITED NATURAL FOODS INC  (UNFI),2025-06-26,8-K,1.05,incident (first filing)
0000731766-24-000045,UNITEDHEALTH GROUP INC  (UNH),2024-02-22,8-K,1.05,incident (first filing)
0000731766-24-000085,UNITEDHEALTH GROUP INC  (UNH),2024-03-08,8-K/A,1.05,update of incident 10
0000731766-24-000150,UNITEDHEALTH GROUP INC  (UNH),2024-04-24,8-K/A,1.05,update of incident 10
0001628280-25-046810,"Ultra Clean Holdings, Inc.  (UCTT)",2025-10-28,8-K,8.01,"excluded: not an incident disclosure (phrase appears in risk factors, or no incident text)"
0000950123-23-011228,V F CORP  (VFC),2023-12-18,8-K,1.05,incident (first filing)
0001193125-24-010243,V F CORP  (VFC),2024-01-18,8-K/A,1.05,update of incident 1
0001967649-24-000014,Vestis Corp  (VSTS),2024-02-20,8-K,8.01,"excluded: not an incident disclosure (phrase appears in risk factors, or no incident text)"
0001967649-24-000029,Vestis Corp  (VSTS),2024-05-23,8-K,8.01,"excluded: not an incident disclosure (phrase appears in risk factors, or no incident text)"
0001140361-24-030630,Vestis Corp  (VSTS),2024-06-20,8-K,8.01,"excluded: not an incident disclosure (phrase appears in risk factors, or no incident text)"
0001967649-24-000047,Vestis Corp  (VSTS),2024-08-19,8-K,8.01,"excluded: not an incident disclosure (phrase appears in risk factors, or no incident text)"
0001193125-25-019294,WESTERN DIGITAL CORP  (WDC),2025-02-03,8-K,8.01,"excluded: not an incident disclosure (phrase appears in risk factors, or no incident text)"
0001018164-24-000005,WILLIS LEASE FINANCE CORP  (WLFC),2024-02-09,8-K,8.01,incident (first filing)
0001683168-25-006583,WYTEC INTERNATIONAL INC  (WYTC),2025-08-29,8-K,1.05,incident (first filing)
0001193125-25-161550,ZimVie Inc.  (ZIMV),2025-07-21,8-K,8.01,"excluded: not an incident disclosure (phrase appears in risk factors, or no incident text)"
0001213900-25-054319,"Zoomcar Holdings, Inc.  (ZCAR, ZCARW)",2025-06-13,8-K,1.05,incident (first filing)
0001493152-25-001580,fuboTV Inc. /FL  (FUBO),2025-01-10,8-K/A,8.01,"excluded: not an incident disclosure (phrase appears in risk factors, or no incident text)"
0001213900-24-099394,"iLearningEngines, Inc.  (AILE, AILEW)",2024-11-18,8-K,1.05,incident (first filing)
0001831631-24-000004,"loanDepot, Inc.  (LDI)",2024-01-08,8-K,8.01,incident (first filing)
0001831631-24-000011,"loanDepot, Inc.  (LDI)",2024-01-22,8-K/A,8.01,update of incident 3
0001831631-24-000020,"loanDepot, Inc.  (LDI)",2024-02-27,8-K/A,8.01,update of incident 3
