row,incident_id,year,victim,summary,reference,coderB_infra,coderB_root_cause,coderB_basis
1,4f7d4040-0cc2-11ec-a2d0-f3cc343be99c,2020,NSW Police,NSW Police Leaked the Emails of Everyone Who Complained About BLM Protestors Being Pepper Sprayed ,https://www.gizmodo.com.au/2020/08/nsw-police-leaked-the-emails-of-everyone-who-complained-about-blm-protestors-being-pepper-sprayed/,,,
2,b5e17810-9372-11ec-a39a-3584eb2df2ab,2020,SolarWinds,"SolarWinds disclosed on Sunday that a nation-state hacker group breached its network and inserted malware in updates for Orion, a software application for IT inventory management and monitoring.  The trojanized Orion update allowed attackers to deploy additional and highly stealthy malware on the networks of SolarWinds customers. But while initial news reports on Sunday suggested that all of SolarWinds' customers were impacted, in SEC documents filed today, SolarWinds said that of its 300,000 to",https://www.nytimes.com/2020/12/08/technology/fireeye-hacked-russians.html;  https://www.marketwatch.com/story/fireeye-stock-drops-as-cybersecurity-company-reveals-it-was-hacked-11607462414;  https://www.fireeye.com/blog/products-and-services/2020/12/fireeye-shares-details-of-recent-cyber-attack-actions-to-protect-community.html;  https://www.securityweek.com/solarwinds-says-18000-customers-may-have-used-compromised-product;  https://www.theregister.com/2021/01/19/fireeye_solarwinds_code/;  http,,,
3,b38be3f0-cd2e-11e9-a052-6392f3b8c0e8,2019,Toyota,"Toyota has confirmed that as many as 3.1 million items of Toyota and Lexus customer data may have been breached following an attack on dealerships in Japan.  The company says that ""information that may have been leaked this time does not include information on credit cards,"" but customers are already on edge following the cyber-attack that hit Toyota Australia in February.   Notification about the breach was published in the company newsroom last week. The statement said that there was ""unauthor",https://www.zdnet.com/article/toyota-announces-second-security-breach-in-the-last-five-weeks/; https://www3.nhk.or.jp/nhkworld/en/news/20190329_38/; https://securitytoday.com/articles/2019/04/02/toyota-and-lexus-dealerships-hacked-millions-left-vulnerable.aspx?admgarea=ht.airport,,,
4,0bc75e50-e0ad-11e9-8cfd-bf57b38104b7,2019,Yves Rocher,"Security researchers with vpnMentor recently discovered that retail consultancy firm Aliznet was leaking the data of 2.5 million Canadian Yves Rocher customers via an unsecured Elasticsearch database. The exposed data includes names, phone numbers, email addresses, dates of birth and postcodes.  In addition, the researchers found six million customer orders on the leaky server. The orders mentioned a unique customer ID that made it possible to link them to clients in the database. The server als",https://www.oodaloop.com/briefs/2019/09/03/data-leak-hits-2-5-million-customers-of-cosmetics-giant-yves-rocher/; https://threatpost.com/data-leak-impacts-millions/147908/; https://www.informationsecuritybuzz.com/expert-comments/yves-rocher-third-party-data-breach-exposes-millions-of-customer-records/; https://www.vpnmentor.com/blog/report-aliznet-leak/,,,
5,ffe1f970-72c7-11eb-a674-05cfd55ad89e,2020,Unacademy,Unacademy user database dumped on hacker forum,https://www.livemint.com/technology/tech-news/over-20-mn-unacademy-user-accounts-exposed-in-data-breach-report-11588775083410.html,,,
6,ebbf14d0-0498-11ea-ad43-7952870528d4,2019,K12 Inc,K12 Inc left student data exposed through insecure mongodb ,https://thenotebook.org/articles/2019/08/22/cyber-operator-exposed-students-personal-data-part-of-a-growing-threat/,,,
7,b897e480-de21-11e9-b511-f75921c18742,2019,medicaresupplement.com,"A MedicareSupplment.com MongoDB containing more than five million records was found open to the public containing a wide range of PII.  The records were found by the security firm Comparitech and researcher Bob Diachenko on May 13 containing first and last name, full address, IP address, email address, date of birth, gender and marketing-related information. Additionally, 239,000 of the records also contained the type or area of insurance the person was interested in life, auto, medical, and sup",https://www.scmagazine.com/home/security-news/data-breach/5-million-exposed-by-misconfigured-medicaresupplement-com-mongodb/ ;https://www.hipaajournal.com/5-million-records-exposed-due-to-unsecured-mongodb-marketing-database/ ; ,,,
8,89dd54a0-d9af-11eb-96ea-fd8a03dbb673,2021,Maximus,Maximus experienced unauthorized data access entrusted to it by Ohio Department of Medicaid, https://www.infosecurity-magazine.com/news/ohio-medicaid-provider-suffers/,,,
9,770b3e20-f91f-11eb-98bb-95028a4c8b05,2021,Southern Arkansas University,"South Arkansas University hit (again) by ransomware, this time Sodinokibi Ransomware group",https://www.databreaches.net/first-it-was-blackbaud-now-its-sodinokibi-southern-arkansas-university-becomes-a-breach-victim-again/,,,
10,18d0bfd0-1d13-11eb-a925-afd7acbe9906,2019,TAROM,TAROM airline employee gained access to passenger information and posted a picture of it to social media,https://www.paddleyourownkanoo.com/2019/12/05/romanias-tarom-airlines-fined-e20000-after-employee-leaks-passenger-details-online/,,,
11,423fded0-25c1-11eb-a3b1-07c4769263ea,2019,,"According to PingWest, a Chinese technology publication, Sina Weibo, which most consider it the Chinese version of Twitter, had a data breach that caused 538 million records of its users to be exposed.  A platform user discovered on March 19 that 538 million Weibo users’ phone numbers were for sale on the dark web. The price for 172 million of these phone numbers was only 0.177 Bitcoin (BTC), which is about $1,150 at the moment. It seems the cyber-attackers gained access to information such as u",https://bitcoinexchangeguide.com/weibo-data-breach-has-538m-users-personal-information-up-for-sale-on-dark-web-for-btc/,,,
12,5f0be4b0-d56c-11e9-8558-6543aabf247e,2019,Librería Porrúa,Breach 2 for github ID.  Database deleted and randsomed,https://nakedsecurity.sophos.com/2019/08/06/attackers-ransom-booksellers-exposed-mongodb-database/,,,
13,3c2b6f70-72c7-11eb-a674-05cfd55ad89e,2020,South Yorkshire Police,UK Police left a system exposed that collected license plate information and bunch of other travelers data,https://www.dailymail.co.uk/news/article-8305991/Data-breach-left-millions-car-trips-exposed.html,,,
14,0cb7fc70-238c-11eb-b77f-316b5c5dd5eb,2020,Adif,"Cyber criminals have used the Windows REvil ransomware to attack Adif, an infrastructure company owned by the Spanish Government, and have published data which was stolen from its dark Web site.  The attackers have apparently hit the organisation twice before, and threatened a third attack as soon as the data was published.  ""We advise you to get in touch immediately. We have personal information including correspondence, contracts and other accounting (total 800 gigabytes of data),"" they said i",https://www.itwire.com/security/windows-revil-ransomware-used-to-attack-spanish-govt-firm.html ; https://www.railjournal.com/technology/adif-hit-by-cyberattack/,,,
15,c1a7f4b0-023a-11ea-ad43-7952870528d4,2019,Nokia,Nokia Employee accidentally uploaded data to an rsync server that was publicly facing,https://www.gizmodo.co.uk/2019/09/exposed-files-leak-details-on-sorm-russias-pervasive-domestic-surveillance-system/,,,
16,4ac2cc20-2378-11eb-b77f-316b5c5dd5eb,2020,University of Ottawa," Sept.9, students in CSI 4139, Design of Secure Systems, joined their class using YouTube live streams only to see their private information leaked on YouTube.  The professor was seemingly unaware that he was publicly broadcasting the names, email addresses, year of study, and programs of each student.  This live stream was publicly recorded and available for the general public to view.  When asked for a statement regarding the matter, Professor Mohamed Ali Ibrahim did not respond to The Fulcrum",https://thefulcrum.ca/sciencetech/students-information-leaked-in-youtube-broadcast/,,,
17,de435710-e4a6-11e9-8cfd-bf57b38104b7,2019,Nanaimo Regional General Hospital," Island Health has fired an employee following a privacy breach of 102 people at Nanaimo Regional General Hospital.  The breach involved an employee who is ""no longer associated with Island Health,"" the authority said.  ""Our employees are well aware the snooping into the health records of family and friends, or anyone, is prohibited,"" the organization said. ""They receive information and training about privacy, their employee obligations when accessing confidential information and records, and th",https://www.timescolonist.com/news/local/privacy-breach-at-nanaimo-hospital-after-health-records-illicitly-accessed-1.23771604; https://vancouverisland.ctvnews.ca/island-health-confirms-privacy-breach-at-nanaimo-hospital-1.4354114,,,
18,020b29c0-72c2-11eb-a674-05cfd55ad89e,2020,Tokopedia,Tokopedia had their database stolen and sold on criminal forums which contained like 91m users account information,https://en.antaranews.com/news/151854/tokopedia-notifies-authorities-of-third-party-over-data-breach,,,
19,ae1b6a50-a1bb-11ea-aa67-0b6b068266ad,2020,ExecuPharm,"A successful ransomware attack was deployed on March 13 against ExecuPharm, a subsidiary of the U.S. Biopharmaceutical giant Parexel, according to a recent announcement made by the company.  Unlike typical ransomware attacks, where bad actors encrypt data and demand payment in exchange for the decryption keys, the perps have also started leaking confidential information found on ExecuPharm’s network. Discovered to be the handiwork of the CLOP ransomware group, the attack was initiated through ph",https://securityboulevard.com/2020/04/cybercriminals-leak-execupharm-internal-documents-after-ransomware-attack/,,,
20,8a6c0790-237a-11eb-a2fc-cdee479fbead,2020,Nintendo,credential stuffing attack against nintendo network ID system,"https://hypebae.com/2020/4/nintendo-account-network-id-nnid-hacked-security-breach-fortnite-v-bucks-user-privacy-confidentiality-switch-gaming,https://arstechnica.com/gaming/2020/04/nintendo-accounts-are-getting-hijacked-including-one-of-ours/,https://www.databreaches.net/nintendo-confirms-some-160000-accounts-mightve-been-hacked/,https://www.popularmechanics.com/science/a32402358/nintendo-source-code-leak/,https://hotforsecurity.bitdefender.com/blog/nintendo-confirms-additional-140000-accounts-",,,
21,1e0dcb00-722c-11eb-a74a-79ed152e0098,2019,Saint Francis Healthcare System,"Ferguson Medical Group, owned by Saint Francis Health, was infected with ransomware in September, which caused some data loss;",https://healthitsecurity.com/news/ferguson-medical-group-reports-data-loss-from-ransomware-attack,,,
22,da684490-723d-11eb-b847-53c7fcddcc7a,2020,Estee Lauder,"A non-password protected cloud database containing hundreds of millions of customer records and internal logs for cosmetic giant Estée Lauder has been found exposed online, according to researchers.  In all, 440,336,852 individual data pieces were exposed, according to researcher Jeremiah Fowler at Security Discovery. Many of the records importantly contained plaintext email addresses (including internal email addresses from the @estee.com domain). There were also reams of logs for content manag",https://threatpost.com/estee-lauder-440m-records-email-network-info/152789/; https://www.forbes.com/sites/daveywinder/2020/02/11/estee-lauder-data-leak-440-million-records-exposed/#15111f152590,,,
23,ee72bac0-754d-11eb-a956-8766d2dd0181,2020,VT San Antonio Aerospace,"VT San Antonio Aerospace Inc., which provides maintenance, repair and overhaul services to aircraft, was hit with a ransomware attack affecting its U.S. commercial operations.  A criminal group known as Maze “gained unauthorized access to our network and deployed a ransomware attack,” according to a Friday statement by Ed Onwe, vice president and general manager of the company, which is a subsidiary of the North American headquarters of Singapore’s ST Engineering Ltd.",https://www.bloomberg.com/news/articles/2020-06-05/vt-san-antonio-aerospace-hit-with-criminal-ransomware-attack; https://www.bleepingcomputer.com/news/security/us-aerospace-services-provider-breached-by-maze-ransomware/,,,
24,C1037873-BB0C-4468-8382-0E1C47D24385,2025,Cerner/Oracle Health,"""A breach at Oracle Health impacts multiple US healthcare organizations and hospitals after a threat actor stole patient data from legacy servers.  Oracle Health has not yet publicly disclosed the incident, but in private communications sent to impacted customers and from conversations with those involved, BleepingComputer confirmed that patient data was stolen in the attack.  Oracle Health, formerly known as Cerner, is a healthcare software-as-a-service (SaaS) company offering Electronic Health",https://www.bleepingcomputer.com/news/security/oracle-health-breach-compromises-patient-data-at-us-hospitals/; https://www.govinfosecurity.com/oracle-health-responding-to-hack-legacy-cerner-ehr-data-a-27884?rf=2025-04-01_ENEWS_SUB_GIS__Slot6_ART27884; https://www.cpomagazine.com/cyber-security/oracle-health-data-breach-affected-multiple-hospitals-potentially-leaking-sensitive-patient-information/; https://www.govinfosecurity.com/indiana-health-system-notifies-263000-oracle-hack-a-28353; https://,,,
25,40e8c310-38cd-11ec-b42b-a7ad11fc87ee,2020,San Juan Medical Center,FARMINGTON — A Farmington hospital has reported a data breach to its network in Fall 2020 that impacted more than 500 patients whose personal information was taken.  The hospital said in a statement there is no evidence of any personal information being misused from the data breach.  San Juan Regional Medical Center sent out letters dated June 4 to patients stating a “recent data security incident” may have involved their personal information.  San Juan County COVID-19 vaccine tracker:45% of peo,https://www.daily-times.com/story/news/local/farmington/2021/06/20/san-juan-regional-medical-center-reports-data-breach-network-hundrends-patients-affected/7744970002/ ; https://www.daily-times.com/story/news/local/farmington/2021/06/20/san-juan-regional-medical-center-reports-data-breach-network-hundrends-patients-affected/7744970002/,,,
26,36d29450-d9aa-11eb-96ea-fd8a03dbb673,2020,Beaumont Hospital,Beaumont Hospital staff had email accounts access by unauthorized third party resulting in a breach notification for 6k people,https://www.detroitnews.com/story/business/2020/07/28/beaumont-hospital-announces-security-breach-accounts/5530757002/,,,
27,257e6940-a0f3-11ea-878c-ff8a51fa1e8f,2020,Bank of America Corp. ,"Bank of America Corp. (NYSE: BAC) has revealed a possible data breach on business clients' information for the Paycheck Protection Program.  The breach occurred on April 22, as BofA uploaded PPP applications onto the U.S. Small Business Administration's test platform, according to a filing with the California Attorney General's Office. The limited-access platform allowed lenders to test PPP submissions before the second round began.  Charlotte-based BofA said application information may have bee",https://www.bizjournals.com/charlotte/news/2020/05/26/bank-of-america-discloses-ppp-data-breach.html,,,
28,35e9efe0-237d-11eb-a2fc-cdee479fbead,2019,Juniata College,Attackers access email and potentially access PII within,https://www.prnewswire.com/news-releases/juniata-college-provides-notice-of-data-incident-300978313.html,,,
29,39d1a810-8e97-11ec-ab9f-33907697f3a6,2020,Dental Care Alliance,"An American healthcare provider has started notifying more than a million patients that their data may have been exposed as the result of a cyber-attack.  Dental Care Alliance discovered on October 11 that it had been the victim of a hack that began on September 18, 2020. The company, which is headquartered in Sarasota, Florida, was able to contain the attack by October 13.  Patient data that may have been accessed in the security incident included names, addresses, dental diagnosis and treatmen",https://www.infosecurity-magazine.com/news/1m-us-dental-patients-impacted-by/; https://www.govinfosecurity.com/vendor-to-dental-practices-hacked-1-million-affected-a-15566; ,,,
30,f47b5580-04b4-11eb-8c43-8ded27596b66,2020,Unacademy,Online Indian university Unacademy experienced a databreach with the 22m user records being sold on the darkweb,https://cisomag.eccouncil.org/unacademy-data-breach/,,,
31,3c9545a0-07db-11eb-9be5-67f56bbd8cb4,2020,Decathlon ,"Decathlon misconfigured database resulting in leaking 123 million records, which includes personal data",https://www.infosecurity-magazine.com/news/sports-giant-decathlon-leaks-123/,,,
32,07bbefc0-0fe4-11ec-8c66-bd734728b5ba,2020,Randstad,"Global human resources giant Randstad has taken a hit from cyber criminals using the Windows Egregor ransomware, with the company saying it is trying what data the attackers have stolen and placed on their site on the dark web.",https://www.itwire.com/security/top-global-hr-firm-randstad-stung-by-windows-ransomware.html,,,
33,6f7818d0-4637-11ec-b26b-73b5a62f8946,2021,Tamil Nadu Public Distribution System,"    Technisanct, a cyber security and big data startup headquartered in Bangalore, reports data breach of over 4.5 million citizens from the Public Distribution System (PDS) of the state of Tamil Nadu. Major details including Personal Identifiable Information (PII) and Aadhaar number of citizens have been kept for sale in a data sharing platform.      A link including from a file sharing platform leaking 5.2 million user data which includes 49,19,668 Aadhaar numbers was uploaded on a popular hac",https://www.databreaches.net/breach-of-data-in-public-distribution-system-of-tamil-nadu-identifies-technisanct/; https://www.expresscomputer.in/news/breach-of-data-in-public-distribution-system-of-tamil-nadu-identifies-technisanct/77284/,,,
34,5822eae0-ffce-11e9-81dd-7371e517d223,2019,Avast,Avast finds that attacker compromises employee's VPN credentials,https://gdpr.report/news/2019/10/21/privacy-avast-discloses-security-breach-impacting-its-internal-network/,,,
35,28513b80-a0f7-11ea-878c-ff8a51fa1e8f,2020,Illinois Department of Employment Security,"The Illinois Department of Employment Security (IDES) has acknowledged a security lapse that exposed the private information of independent contractors and the self-employed.  IDES blamed the security incident on a ""glitch"" in a new system rolled out to process the claims of citizens in the state of Illinois who need to file for unemployment benefits.  Names, Social Security numbers, and other data points -- including phone numbers and addresses -- related to unemployment claims were leaked thro",https://www.zdnet.com/article/illinois-blames-glitch-for-exposure-of-applicant-social-security-numbers-private-data/,,,
36,91032590-72e2-11eb-a674-05cfd55ad89e,2020,Marriott,Hackers used two employees stolen credentials to access customer information from the app's backend,https://www.zdnet.com/article/marriott-discloses-new-data-breach-impacting-5-2-million-hotel-guests/,,,
37,17f01c60-0a52-11eb-a175-e162319ad19d,2019,EVERSANA,Unknown activity (on legacy technology?) led to email compromise of PHI.,https://finance.yahoo.com/news/eversana-notification-data-privacy-incident-010000660.html,,,
38,6aa1ef50-7236-11eb-b847-53c7fcddcc7a,2019,Airtel,"Worsening its woes, telecom major Bharti Airtel was hit with a major data breach after a security flaw in its mobile app exposed the details of more than 300 million users. Confirming the breach, Airtel said that it has fixed the security flaw associated with its app's API (application programming interface).   The security flaw apparently provided access to information such as user's name, emails, birthday, residential address, and the IMEI number of the device on which the app was installed. T",https://inc42.com/buzz/airtel-gets-rid-of-bug-granting-hackers-access-to-personal-information/; https://www.theweek.in/news/sci-tech/2019/12/07/airtel-data-breach-exposes-personal-details-of-300-million-users.html,,,
39,36b0b280-b3ab-11e9-8244-abb132467e1d,2019,theta360,researchers discovered explosed photo database,"https://www.vpnmentor.com/blog/report-theta360-leak/,https://cyware.com/news/theta360-leak-exposes-11-million-photos-user-data-2fedcb1a",,,
40,5891e600-0584-11ea-a6b7-b9a04765ea4f,2019,Texas Health Resources,"Texas Health Resources recently filed 15 breach notifications, stemming from a misconfiguration error in its billing system that compromised the data of 82,577 patients.","https://www.texashealth.org/arlington/about-texas-health-arlington-memorial/a-message-to-our-patients,https://healthitsecurity.com/news/texas-health-resources-data-breach-impacts-82k-patients",,,
41,64579670-a506-11ea-a892-dbe5c33247b8,2020,Alberta Health Services,"An Edmonton woman who filed a complaint about the size of a Good Friday service says she feels her privacy was violated when an Alberta Health Services inspector disclosed her identity to that church.  In an email obtained by Postmedia, the inspector warned a church in the Alberta Avenue neighbourhood it would be shut down if inspectors found more than 15 people on the premises Easter Sunday, in light of COVID-19 restrictions on gatherings. The woman who made the complaint, whom Postmedia is not",https://edmontonjournal.com/news/local-news/edmonton-health-inspector-violated-church-good-friday/,,,
42,72a93f40-df21-11e9-9ff0-a5a30eaf0927,2019,UNICEF,"The United Nations children’s agency, UNICEF, has inadvertently leaked personal information belonging to thousands of users of its online learning portal Agora.  The website offers free training courses to UNICEF staff and members of the public on issues such as child rights, humanitarian action, research, and data.  On Aug. 26, an email containing personal details of 8,253 users enrolled in courses on immunization went out to nearly 20,000 Agora users. ",https://www.devex.com/news/unicef-data-leak-reveals-personal-info-of-8-000-online-learners-95558; https://www.informationsecuritybuzz.com/expert-comments/unicef-data-leak-reveals-personal-info-of-8000-online-learners/,,,
43,b0c1eb30-0250-11eb-8781-bfb630cdf748,2019,Geisinger,Employee misuses access to patient data to look up patients not required or their job,https://www.timesleader.com/news/802549/802549,,,
44,288c0c00-4890-11ec-be64-495e033b0bce,2021,Adecco Group,"Company hacked, data posted for sale on hacking forum.",https://cybernews.com/security/5-million-adecco-com-users-data-leaked/?&web_view=true; https://www2.staffingindustry.com/eng/Editorial/Daily-News/World-Adecco-Group-investigating-serious-data-breach-56940,,,
45,6f2f9bf0-e962-11eb-9aea-07892f56ef76,2020,Barnes and Noble,Barnes and Noble was potentially compromised by Ergegor ransomware,https://www.zdnet.com/article/barnes-noble-confirms-cyberattack-customer-data-breach/,,,
46,912160f0-8ddf-11ec-bb25-234a6ad089e5,2021,Primary Care Support England,Some GPs found they were mistakenly given access to other people’s ‘sensitive’ pensions information after logging into their own account on PCSE’s new online portal.,https://www.pulsetoday.co.uk/news/practice-personal-finance/gps-mistakenly-given-online-access-to-pensions-data-belonging-to-colleagues/,,,
47,5fa13100-9f79-11ea-bb5f-9176852f1f89,2020, Serco,"Serco accidentally shares contact tracers' email addresses.  The outsourcing company Serco accidentally shared the email addresses of almost 300 contact tracers recruited to assist in the UK government’s coronavirus “test, track and trace” strategy.  The email addresses were shared when Serco was contacting new recruits about training.“An email was sent to new recruits who had given us their permission to use their personal email addresses,” a spokesperson for the company said. “In error, email ",https://www.theguardian.com/business/2020/may/20/serco-accidentally-shares-contact-tracers-email-addresses-covid-19,,,
48,8eb10b30-a4fd-11ea-9a08-d99599f4dafe,2020,Kerala State Health Department,"Kerala, one of the worst-hit states in India’s COVID-19 crisis, reported five positive cases from Aythala in Ranni-Pazhavangady panchayat. The database of all the active patients, and those who came in direct contact with them, was maintained on the district administrator’s office computers. The data included information on other people coming into the district from abroad and those kept in self-quarantine, their recent travel history, residential addresses and contact details, etc. District Col",https://www.cisomag.com/hackers-attack-database-of-indias-covid-19-patients-and-potential-suspects/,,,
49,8482a830-1194-11ec-a044-77090c8577a4,2019,Witchita State University,"Witchita University experienced unauthorized access to personal information of students, staff and faculty",https://thesunflower.com/49658/news/wsu-student-faculty-staff-information-potentially-compromised-in-december-data-breach/,,,
50,2ddb2b30-1647-11ec-8258-83f74c3914c9,2021,Walmart,Data exposure flaw on Walmart.ca revealed personal customer information,https://www.ctvnews.ca/sci-tech/data-exposure-flaw-on-walmart-ca-revealed-personal-customer-information-1.5256105,,,
51,a64fc920-0744-11ec-863c-8359987c65e0,2020,CivicSmart,A company that sells “smart” parking meters and technology used by parking-enforcement agencies in cities around the world was recently the victim of a ransomware attack that also exposed some of its internal files on a website maintained by the hackers responsible,https://www.databreaches.net/smart-parking-meter-vendor-had-data-stolen-in-ransomware-attack/,,,
52,41cf5b40-8e7c-11ec-ab9f-33907697f3a6,2020,Louisiana State University,"In 2013, billing services for Moss Memorial were provided by Louisiana State University, Health Care Services Division (“LSU HCSD”).  As a result, LSU HCSD has in its files certain information related to the care of Moss Memorial patients.  On December 10, 2020, LSU HCSD notified Lake Charles Memorial that a cyber intruder had accessed LSU HCSD’s e-mail system.  The intruder accessed a mailbox that contained approximately 185,000 LSU HCSD e‑mails.  One of those e-mails included a spreadsheet att",https://www.kplctv.com/2021/01/29/possible-breach-info-moss-memorial/; https://www.wdsu.com/article/another-medical-facility-added-to-lsu-health-care-services-division-hippa-breach/35365466,,,
53,7d05f300-04ac-11eb-8c43-8ded27596b66,2020,Children's Hospital of Colorado,Children's Hospital of Colorado had someone hack one of their emails through phishing disclosing 2553 records,https://www.beckershospitalreview.com/cybersecurity/2-553-patients-affected-in-email-hack-at-children-s-hospital-colorado.html,,,
54,ec5c6ec0-25e2-11ec-8021-93be7268887c,2021,T-Mobile,T-Mobile Investigating Claims of Massive Customer Data Breach possibly as a result of a misconfigured server,https://www.govinfosecurity.com/t-mobile-usa-investigates-possible-data-breach-a-17293,,,
55,ebb53ce0-f6bc-11eb-9352-c36534d585e1,2020,Northwestern Memorial,At Northwestern Memorial a temp employee was inappropriately accessing patient data for two months,https://chicago.cbslocal.com/2020/12/31/data-breach-at-northwestern-memorial-hospital-says-no-evidence-of-fraud/,,,
56,16d36580-40d4-11ec-b81c-33d442e55df8,2021,Ministry of Defense,Ministry of Defense improperly redacts classified information,https://www.dailymail.co.uk/news/article-10075979/SAS-secrets-revealed-cut-paste-error.html,,,
57,9adb1a10-4167-11ec-b81c-33d442e55df8,2019,Audio Visual Services Group,Audio Visual Services Group experienced a breach when someone accessed their email to attempt a BEC,https://oag.ca.gov/ecrime/databreach/reports/sb24-191812,,,
58,7e5bab70-d3e1-11e9-ab55-b7fffb94511d,2019,Temple University,"Temple University website shared 160 students' private information.Passport numbers, phone numbers and dates of birth were accidentally published online by an employee in March",https://www.phillyvoice.com/temple-student-information-leaked-employee/,,,
59,0faac9b0-6c95-11eb-aa83-f564cd4131c9,2020,Activision,Activision credential stuffed resulting in 500k user data at risk,https://www.computerweekly.com/news/252489430/Activision-shoots-down-data-breach-claims,,,
60,8a605e40-4642-11ec-b26b-73b5a62f8946,2020,Centers for Advanced Orthopaedics,"On September 17, 2020, CAO identified unusual activity in its email environment. After discovering the unusual activity, CAO immediately launched an investigation, with the assistance of cybersecurity experts, into the nature and scope of the incident. As part of this investigation, CAO determined that multiple employee email accounts were subject to unauthorized access between October 2019 and September 2020, and that certain emails therein were accessible to the responsible cybercriminal as a ",https://www.cfaortho.com/docs/120863433_2_Website%20Substitute%20Notice-C1.pdf; https://ryortho.com/breaking/maryland-ortho-practice-data-breach-exposes-over-125000-people/;  https://ocrportal.hhs.gov/ocr/breach/breach_report.jsf,,,
61,3b198a70-a0f6-11ea-878c-ff8a51fa1e8f,2020,Ohio Department of Job and Family Services,"Personal data of individuals who applied to Ohio’s Pandemic Unemployment Assistance (PUA) program was exposed in a data breach on May 15, causing information of at least two dozen applicants to be seen by other claimants in the program, according to a letter shared by the Ohio Department of Job and Family Services.  Deloitte Consulting, the company contracted with ODJFS to assist the state in administering the program, told applicants in a letter that personal information such as their names, So",https://www.news5cleveland.com/news/continuing-coverage/coronavirus/local-coronavirus-news/personal-information-of-applicants-in-ohios-pandemic-unemployment-assistance-program-exposed-in-data-breach,,,
62,7df0e000-a1d7-11ea-aa67-0b6b068266ad,2020,the Karnataka health department  ,"In a major breach of privacy, the Karnataka health department released personal details of all those quarantined in the state in the wake of COVID-19 virus to the media, complete with names, mobile numbers, temporary and permanent addresses. These ...  Read more at: https://www.deccanherald.com/national/privacy-of-suspected-covid-19-patients-breached-810992.html",https://www.deccanherald.com/national/privacy-of-suspected-covid-19-patients-breached-810992.html,,,
63,e23a8d10-e452-11e9-a93a-d3a3d34c5869,2019,MobilexUSA,ProPublica searched the internet for Picture Archiving and Communication System (PACS) servers speaking an old medical imaging sharing protocol (DICOM) and found lots of data.,"https://www.propublica.org/article/millions-of-americans-medical-images-and-data-are-available-on-the-internet,https://www.bleepingcomputer.com/news/security/400-million-medical-radiological-images-exposed-on-the-internet/,https://healthitsecurity.com/news/senator-demands-imaging-firm-share-cybersecurity-practices-after-breach",,,
64,9357c330-e45b-11e9-a93a-d3a3d34c5869,2019,AMC Networks,exposed databases.,https://www.engadget.com/2019/05/03/amc-sundance-now-shudder-subscriber-exposed-database/,,,
65,0d264360-72c4-11eb-a674-05cfd55ad89e,2019,Delivery Hero,Delivery Hero found it's database up for sale in one of them crime forums,https://www.infosecurity-magazine.com/news/foodora-data-breach/,,,
66,9d9c8b60-4646-11ec-b26b-73b5a62f8946,2020,Sistema Único de Saúde,The personal information of more than 243 million Brazilians was potentially accessible for at least six months thanks to weakly encoded credentials kept in the source code of the Brazilian Ministry of Health’s website,https://www.theverge.com/2020/12/3/22150973/brazilian-ministry-of-health-leak-medical-records-personal-information; https://www.zdnet.com/article/data-of-243-million-brazilians-exposed-online-via-website-source-code/; https://www.zdnet.com/article/experian-challenged-over-massive-data-leak-in-brazil/,,,
67,a2b41b90-25df-11ec-8021-93be7268887c,2020,Elara Caring,"PHI of More Than 100,000 Elara Caring Patients Potentially Compromised in Phishing Attack",https://portswigger.net/daily-swig/data-breach-at-healthcare-provider-elara-caring-exposes-100-000-patients-information,,,
68,386bbb50-a4e2-11ea-a769-1f53f53c0c37,2020,Oakland County,Oakland county officials accidentally leaked internal COVID-19 tracking data,https://www.clickondetroit.com/news/local/2020/04/16/map-containing-internal-oakland-county-covid-19-data-mistakenly-leaked/,,,
69,cef4d060-9378-11e9-96b8-11c597846497,2019,Valero,Skimmer on gas pump.,https://abc13.com/6-credit-card-skimmers-found-at-north-loop-gas-station/5239397/,,,
70,b47f80e0-0493-11ea-ad43-7952870528d4,2019,AMC Network,Someone at AMC Networks done left yet another open database,https://www.engadget.com/2019/05/03/amc-sundance-now-shudder-subscriber-exposed-database/,,,
71,10861410-f2bb-11ea-8781-7798bdcc4349,2020,Religare Health Insurance,"Dark web sweepers Cyble has claimed that internal data of Gurugram-based Religare Health Insurance has lost 5 Mn records, which is now up for sale. The US-based cybersecurity firm has claimed that the hacked data includes details of Religare, its agents, several sensitive information of the company’s clients, including their names, phone numbers, email id, date of birth.  According to a blog post, published by Cyble, the leaked database also contains details about insurance policies like custome",https://inc42.com/buzz/major-data-breach-at-religare-health-insurance-cyble-warns-of-phishing/,,,
72,2c0d6430-2390-11eb-b77f-316b5c5dd5eb,2020,Religare Health Insurance,"Dark web sweepers Cyble has claimed that internal data of Gurugram-based Religare Health Insurance has lost 5 Mn records, which is now up for sale. The US-based cybersecurity firm has claimed that the hacked data includes details of Religare, its agents, several sensitive information of the company’s clients, including their names, phone numbers, email id, date of birth.  According to a blog post, published by Cyble, the leaked database also contains details about insurance policies like custome",https://inc42.com/buzz/major-data-breach-at-religare-health-insurance-cyble-warns-of-phishing/,,,
73,ee3b2830-c81a-11e9-8a5a-abdcbb867af8,2019,EA Games,"Researchers from Check Point and CyberInt. recently found a vulnerable risk in EA Origin, a gaming server that hosts millions of players online. The discovery shows that up to 300 million gamers had their personally identifiable information (PII) exposed on popular games such as Madden, Battlefield, FIFA, NBA Live, and more. The security hazard enables hackers to exploit gaming accounts without compromising login credentials. Researchers reported that they were able to take control of an EA subd",https://securityboulevard.com/2019/07/bitglass-security-spotlight-ea-origin-leaves-the-data-of-300-million-accounts-exposed/; https://www.cnet.com/news/ea-origin-had-a-vulnerability-that-left-300-million-players-potentially-exposed/,,,
74,820a17b0-4645-11ec-b26b-73b5a62f8946,2020,Comcast,Researchers discover exposed Comcast database containing 1.5 billion records,https://www.securitymagazine.com/articles/94550-researchers-discover-exposed-comcast-database-containing-15-billion-records,,,
75,6e8216d0-72d2-11eb-a674-05cfd55ad89e,2019,Lifelabs,Lifelabs in Canada got compromised and data was exfiled on 15m customers,https://www.cbc.ca/news/canada/british-columbia/lifelabs-cyberattack-15-million-1.5399577,,,
76,61a2fb30-0ade-11ea-a7de-15b14f857e77,2019,Beaumont Health,employee accesses patient information stored by victim to embarrass her on social media.,https://www.wxyz.com/news/i-felt-so-betrayed-woman-sues-beaumont-after-medical-records-turn-up-on-social-media,,,
77,4f3dfbe0-72c8-11eb-a46e-831b23dc7360,2020,,"A company that sends out SMSes and emails on Nedbank’s behalf may have been hit by a data breach. The “data security incident” may have released the names, ID numbers, telephone numbers, physical and/or email addresses of 1.7 million Nedbank clients.  In a statement on Thursday morning, Nedbank said that there was a “data incident” at the direct marketing company Computer Facilities, which sends emails and cellphone messages on its behalf.  “No Nedbank systems or client bank accounts have been c",https://www.businessinsider.co.za/nedbank-security-2020-2,,,
78,0dff3590-c8f6-11e9-b2db-f769187145bf,2019,K12.com,"  K12.com, an online education platform, inadvertently exposed the personal information of nearly seven million students, according to security researchers at Comparitech. The exposed database contained full names, email addresses, birthdates and gender identities, as well as the school that the students attend, authentication keys for accessing their accounts and other internal data. The information was available online for more than one week, and it's unclear if the database was at any point a",https://www.engadget.com/2019/07/10/k12-exposed-student-data/,,,
79,fe3911d0-c8f0-11e9-9c16-3f32faecab86,2019,Honda Motor Manufacturing,"On the eve of releasing its financial earnings for the past quarter, Honda created a situation described by one security researcher as “a hacker’s dream”. According to Verdict, 40GB of critical company data – amounting to 134m rows of system data – was stored on an unsecured Elasticsearch database.  This meant that anyone who knew where to look could have come across the company’s most sensitive data, not only including information about the company’s security systems and networks, but also tech",https://www.databreaches.net/honda-motor-company-leaks-database-with-134-million-rows-of-employee-computer-data/ ;https://rainbowtabl.es/2019/07/31/honda-motor-company-leak/ ;https://www.siliconrepublic.com/enterprise/honda-massive-data-breach,,,
80,8984dba0-ce4d-11e9-b4e5-4769cce343a0,2019,Northern Territory Police,"Reece Kershaw, the Northern Territory's Police Commissioner and soon-to-be federal police chief, has admitted some of his officers inappropriately accessed the private medical records of a public servant.",https://www.abc.net.au/news/2019-08-08/nt-police-admit-breaching-public-servant-privacy/11392444,,,
81,814ce820-35b0-11ec-be76-613d00a742ca,2019,Singapore Police Department,"SINGAPORE — A police sergeant was charged on Thursday (2 September) for allegedly seeking a romantic relationship with a female individual, in exchange for helping her with her case.  Singaporean Sean Teo, 25, was handed a charge each under the Computer Misuse Act, Official Secrets Act and Prevention of Corruption Act.  These are for accessing data regarding to individuals arrested in the Singapore Police Force system without authority; for sending a photo he received from a police operation to ",https://news.yahoo.com/police-officer-charged-seeking-relationship-woman-exchange-help-case-035449776.html,,,
82,c6302210-02db-11ed-8b5b-6134b3849169,2021,Battelle for Kids,Battelle for Kids were impacted by ransomware which in resulted impacted many of their clients who were local school in IL,https://chicago.suntimes.com/education/2022/5/20/23132983/cps-public-schools-data-breach-students-employees-records-battelle-kids,,,
83,4041a7b0-246a-11eb-b042-01be07ea3379,2019,TransUnion,credential stuffing on financial website breaches PII (enough for identity theft),"https://www.bleepingcomputer.com/news/security/credit-info-exposed-in-transunion-data-security-incident/,https://www.itworldcanada.com/article/canadian-credit-reporting-agency-compromised-through-third-party/422576,https://www.scmagazine.com/home/security-news/stolen-credentials-used-to-access-transunion-canadas-consumer-credit-files/,",,,
84,1bfcc1f0-d56a-11e9-8558-6543aabf247e,2019,Librería Porrúa,breach 1: researcher found and disclosed public mongoDB database,https://nakedsecurity.sophos.com/2019/08/06/attackers-ransom-booksellers-exposed-mongodb-database/,,,
85,cc26e7e0-099d-11ec-863c-8359987c65e0,2021,Maritz Holding Inc.,Maritz employee accidentally emailed the wrong person information regarding employees in the employer-sponsored health plan,https://www.prnewswire.com/news-releases/maritz-holdings-inc-employees-notified-of-data-security-incident-301263320.html,,,
86,87fc4060-163b-11ec-a5a5-ebf8acd2a8b6,2021,DuPage Medical Group,"DuPage Med­ical Group on Monday announced it will mail letters to­ 600,000 patients notifying them their personal information may have been compromised last month when its computer network was hacked.  DuPage Medical Group is the largest independent physician group in Illinois.  Patients’ personal information may include names, address­es, dates of birth, diag­no­sis codes and information on medical procedures and treatment dates. The hackers may have accessed the Social Security num­bers for a ",https://chicago.suntimes.com/business/2021/8/30/22649201/dupage-medical-group-notifying-patients-data-breach ; ,,,
87,59dde750-aefb-11e9-b3f3-410dc98f333e,2019,"Post Acute Medical, LLC","Houston mayoral candidate and prominent trial lawyer Tony Buzbee is serving as defense counsel in a federal court lawsuit in Pennsylvania, brought by a health care provider who says the owner and operator of its computerized records database illegally procured and retained its confidential patient data. Meanwhile, Buzbee's client counters that it is the party that is victim to theft.  Post Acute Medical, LLC of Enola filed suit in the U.S. District Court for the Middle District of Pennsylvania o",https://pennrecord.com/stories/512758478-software-firm-health-care-provider-accuse-each-other-of-theft-houston-mayoral-candidate-working-the-case,,,
88,70e5f570-1199-11ec-a044-77090c8577a4,2021,Bank Rakyat Indonesia ,Bank Rakyat Indonesia experienced a breach when a hacker posted for sale one of their databases,https://www.marketing-interactive.com/bri-life-investigates-alleged-data-leak-of-2-million-customers,,,
89,b9150560-de73-11eb-92f2-17e9027f1a94,2020,Planned Parenthood of Metropolitan Washington DC,"Planned Parenthood of Metropolitan Washington, D.C., on Friday revealed it had a breach of patient and donor information last fall.  In a notice posted to its website, the organization revealed that it found “unusual” activity on its networks on Sept. 3. At that time, it began securing its systems, started an investigation and notified law enforcement.  “Nothing is more important to us than our patients’ privacy,” the notice said. “We have extensive security measures in place, and we continuousl",https://www.washingtonpost.com/dc-md-va/2021/04/16/data-breach-planned-parenthood-dc/ ; https://www.plannedparenthood.org/planned-parenthood-metropolitan-washington-dc/who-we-are/reports-financials/notice-our-patients-regarding-cyber-incident,,,
90,493ee1d0-94fc-11ec-a39a-3584eb2df2ab,2020,Blackbaud,"Blackbaud, one of the world’s largest providers of financial and fundraising technology to nonprofits, was hacked and paid a ransom to have the hijacked data destroyed by the cybercriminals.  Officials learned of the intrusion in May and called in law enforcement and independent forensics experts to work with Blackbaud’s own security team, a Blackbaud spokesperson said. The teams were able to prevent the blocking of system access for users and the fully encrypting of files.  Blackbaud officials ",https://www.zdnet.com/article/cloud-provider-stopped-ransomware-attack-but-had-to-pay-ransom-demand-anyway/;  https://www.computing.co.uk/news/4021003/blackbaud-ransomware-hackers-access-unencrypted-banking-login-credentials;  https://www.thenonprofittimes.com/npt_articles/breaking-blackbaud-hacked-ransom-paid/;  https://oag.ca.gov/system/files/Oakwood%20-%20California%20Notification.pdf;  https://www.wabi.tv/2020/08/19/husson-university-latest-to-announce-data-breach/;  https://scvnews.com/coc-,,,
91,d193ecb0-a1b0-11ea-aa67-0b6b068266ad,2020,Palm Beach County School District,"BOCA RATON, FL (BocaNewsNow.com) — The Palm Beach County School District is in the midst of a massive computer security crisis that draws into question the authenticity of every assignment completed by every student since “distance learning” began, after BocaNewsNow.com learned that an elementary school student hacked the school district’s password system.  Exclusive We are not revealing the password convention that is used in the school district, but the second grader’s — you are reading that c",https://bocanewsnow.com/2020/05/12/coronavirus-massive-palm-beach-county-school-district-student-password-breach/,,,
92,1e420150-daec-11e9-aa50-b778a2874faa,2019,Verizon,insecure direct object reference vulnerability in employee website exposed contract information when id number brute forced.,"https://www.securityweek.com/vulnerabilities-exposed-2-million-verizon-customer-contracts,https://daleys.space/writeup/0day/2019/09/09/verizon-leak.html",,,
93,c88fbc70-057f-11ea-a6b7-b9a04765ea4f,2019,Freedom Healthcare,Unauthenticated database with test data and some real data left discovered by cybersecurity researcher,https://www.databreaches.net/a-leak-report-quietly-disappears-leaving-questions-in-its-wake/,,,
94,5efbb140-2457-11eb-af35-ed9bb3f10d5f,2020,Holland America Cruise Lines,"After enduring a cruise with a COVID-19 outbreak and four deaths, the 247 Canadian passengers who were aboard the Holland America Line ship, the MS Zaandam, face a new problem: a privacy breach by the federal government.  […] In a detailed email Global Affairs Canada sent Canadian passengers during the Easter holiday weekend, it explained that, “due to an administrative error,” it had mistakenly sent them an email on April 1 with an attachment containing personal information on each passenger — ",https://www.databreaches.net/canadian-passengers-from-virus-stricken-zaandam-cruise-ship-hit-by-federal-govt-privacy-breach/,,,
95,d1cf9820-0a3c-11ea-9821-617d71ee6253,2019,Valero ,4 skimmers found on a Valero in San Antonio,https://www.mysanantonio.com/news/local/crime/article/16-card-skimmers-found-at-San-Antonio-gas-14416010.php#item-85307-tbla-5,,,
96,c59e4430-0d5f-11eb-835c-77358de149b1,2019,EasyJet,Easy Jet was hit with a sophisticated attack that resulted in a breach of 9million of it's users,https://www.forbes.com/sites/thomasbrewster/2020/05/19/easyjet-hacked-9-million-customers-and-2000-credit-cards-hit/#61295a081ae1,,,
97,8be71c50-099c-11ec-863c-8359987c65e0,2019,University of Florida Health Shands,"Data breach by former employee exposes 1,500+ in University of Florida Health Shands system",https://www.databreaches.net/university-of-florida-health-shands-notifies-patients-of-privacy-breach/,,,
98,69de55e0-f1fd-11ea-9eb3-fb45745214a6,2020,"Isetan Mitsukoshi Co., Ltd","Isetan Mitsukoshi Co., Ltd and MI Card Co., Ltd announced, on 5 August 2020, that they had suffered a data breach affecting approximately 19,000 customers as a result of unauthorised access. In particular, MI Card noted that the data breach occurred on the Isetan Mitsukoshi Online Store as well as MI Card’s homepage. In addition, MI Card highlighted that personal information such as name, address, phone number, email address, and date of birth of customers of the Mitsukoshi online store were acc",https://www.dataguidance.com/news/japan-mitsukoshi-and-mi-card-announce-data-breach-affecting-approximately-19000-customers ;https://www.databreaches.net/japan-mitsukoshi-and-mi-card-announce-data-breach-affecting-approximately-19000-customers/,,,
99,ba434dc0-22da-11eb-b221-a300329fb9cf,2020,Indiana University,Software made available to allow students to calculate their GPA unintentionally gave all students access to all other students' grades.,https://indianapublicmedia.org/news/iu-student-gpas-accidentally-made-available-to-all-university-students.php,,,
100,BBEE2583-64CE-4A0F-9F8B-EC2114385094,2025,SK shieldus,"""According to the SK shieldus breach investigation underway by the Ministry of Science and ICT, about 15GB of data was leaked through the personal email accounts of two internal employees. The leaked data is understood to include information on a total of 120 private companies—15 financial institutions including SK Telecom and 105 other private companies—as well as numerous public institutions.  According to the document “SK shieldus breach response status” obtained by People Power Party lawmake",https://biz.chosun.com/en/en-it/2025/10/27/TBFOICOBIJABJPHSYEGEWLDB6Q/; https://www.chosun.com/english/industry-en/2025/10/20/ESYGLX26P5A3BFJQMMJJSX2YMU/; https://www.theitplus.kr/news/articleView.html?idxno=1392,,,
101,7b1e5a00-2437-11eb-af35-ed9bb3f10d5f,2020,Genworth Financial,"Genworth Financial,” the American insurance firm with total assets that surpass a hundred million USD and revenues that go beyond $8.6 billion, has announced a catastrophic data breach on its systems. The company realized the security event on April 20, 2020, when they detected unauthorized access onto its systems. Reportedly, hackers were using compromised insurance agent accounts to access the corporate network and tap into data such as documents containing personal and financial information o",https://www.bleepingcomputer.com/news/security/fortune-500-insurance-firm-genworth-discloses-data-breach/ ; https://www.technadu.com/genworth-financial-announces-noxious-data-breach/104607/,,,
102,DDED1838-6B52-4F2E-8572-854E71D52165,2024,Softway Medical Group,"""A data breach at an unnamed French hospital exposed the medical records of 750,000 patients after a threat actor gained access to its electronic patient record system.  A threat actor using the nickname 'nears' (previously near2tlg) claimed to have attacked multiple healthcare facilities in France, alleging that they have access to the patient records of over 1,500,000 people.  The hacker claims they breached MediBoard by Software Medical Group, a company offering Electronic Patient Record (EPR",https://www.tripwire.com/state-of-security/750000-patients-medical-records-exposed-after-data-breach-french-hospital; https://www.bleepingcomputer.com/news/security/cyberattack-at-french-hospital-exposes-health-data-of-750-000-patients/,,,
103,5f9d6a90-1795-11eb-a388-210bf038e9e5,2020,7-Eleven,Two men wanted for placing various skimmers on 711 gas pumps,http://news9.com/story/5e345f443196993fcfd05fc0/2-men-wanted-for-credit-card-skimming-activity-at-okc-gas-pumps,,,
104,37693CFC-7480-49E4-5D87-B8C7D8B9AACD,2025,ContentSquare,Document no longer available,https://trust.contentsquare.com/?tcuUid=2c81adf8-1e70-4130-9d1d-94966df59058,,,
105,f3fa2580-72bb-11eb-a674-05cfd55ad89e,2020,Virgin Media,"Virgin media left a database unprotected and exposed the data of 900,000 users",https://www.zdnet.com/article/virgin-media-exposes-data-of-900000-users-via-unprotected-marketing-database/,,,
106,c8da47e0-cd35-11e9-a052-6392f3b8c0e8,2019,JustDial,"Justdial is a renowned Indian hyper-local search engine which recently became prone to two security breaches in the span of two weeks.  Only a few weeks ago, the database of all the customers of Justdial was laid bare on the dark web and now the reviewers’ data got on the line.  The company that has beyond 134 million QUA can’t afford to make such reckless mistakes.  April 18th saw the private data including names, addresses, email IDs etc. of over 100 million users which was stored in the searc",https://inc42.com/buzz/justdial-database-leak-reviewer-data/; https://thehackernews.com/2019/04/justdial-hacked-data-breach.html; http://www.ehackingnews.com/2019/05/justdial-smacked-by-subsequent-security.html; https://www.databreaches.net/over-100-million-justdial-users-personal-data-found-exposed-on-the-internet/,,,
107,64436070-f135-11eb-8c8a-5968a0b53910,2021,Simon Fraiser University,Simon Fraiser University experienced a cybersecurity breach that resulted in disclosure of student and faculty personal data,https://vancouversun.com/news/student-data-breached-in-cyber-attack-on-simon-fraser-university,,,
108,32ad88d0-c359-11e9-9e37-df5a0636e02f,2019,St. Louis Community College,employee emailed student information to other employees.,https://www.ksdk.com/article/news/local/stlccs-data-breach-has-students-concerned/63-e6904f06-47b2-4bb4-ade7-8fa8fdbf62d8,,,
109,72c72260-120d-11eb-a3ae-53136ea5d4e6,2020,Service NSW,"A trove of data relating to 186,000 customers of an Australian state government agency has been stolen in an attack that targeted employee email accounts.",https://siliconangle.com/2020/09/07/186000-customer-records-stolen-australian-state-government-phishing-attack/,,,
110,0e72f460-1d08-11ea-b94e-893211cca703,2019,National Nuclear Energy Generating Company of Ukraine,Ukrainian news media is reporting that last month an illegal cryptocurrency mining operation was discovered and confiscated on the site of a state-owned nuclear power plant in southern Ukraine. On July 10th Ukranian law enforcement and counterintelligence agencies discovered crypto mining equipment in a single office of the Yuzhnoukrainsk power plant run by the National Nuclear Energy Generating Company of Ukraine (known as Energoatom).   The Security Service of Ukraine (SBU) has arrested operat,https://safehaven.com/news/Breaking-News/Security-Breach-Reveals-Crypto-Mining-In-Ukrainian-Nuclear-Plant.html; https://www.unian.info/economics/10658847-sbu-busts-cryptocurrency-miners-at-ukrainian-power-plant.html,,,
111,cd8d7dc0-74a5-11eb-a956-8766d2dd0181,2020,Twitter,"The Twitter accounts of several high-profile users, many of which were “verified” on the social network, have been hacked, with malicious actors posting messages that encouraged followers to send money to a certain Bitcoin address.  The affected Twitter accounts include Bill Gates, Elon Musk, Coinbase, Coindesk, Jeff Bezos, Joe Bezos, Uber, and others.  “Everyone is asking me to give back, and now is the time. I am doubling all payments sent to my BTC address for the next 30 minutes. You send $1",https://news.softpedia.com/news/bill-gates-elon-musk-apple-twitter-accounts-hacked-530548.shtml; https://www.washingtonpost.com/technology/2020/07/15/musk-gates-twitter-hack/; https://krebsonsecurity.com/2020/07/whos-behind-wednesdays-epic-twitter-hack/; https://www.bigcountryhomepage.com/news/tech-news/twitter-says-attackers-successfully-targeted-some-of-our-employees-to-gain-internal-tools/; https://www.windowscentral.com/twitter-says-130-accounts-targeted-45-compromised-security-breach; https,,,
112,5ec09cb0-b3b3-11e9-8244-abb132467e1d,2019,UMass Memorial Community Healthlink,victim phished leading to compromise of email account and breach of medical data,"https://www.masslive.com/news/2019/06/umass-memorial-community-healthlink-in-worcester-reports-data-breach-hacker-gained-access-to-email-accounts.html,https://www.wbjournal.com/article/community-healthlink-reports-data-breach",,,
113,a1da1460-0e80-11ed-9a95-4bdaebaab721,2019,S&P Dow Jones Indices,An employee of S&P used their insider knowledge to create some insider trading,https://www.wsj.com/articles/two-n-y-men-accused-of-trading-on-inside-information-from-s-p-dow-jones-indices-11600734328,,,
114,52954480-e0b4-11e9-8cfd-bf57b38104b7,2019,Tommy Hilfiger Japan,"Safety Detective has revealed a security breach in the Tommy Hilfiger Japan client database, exposing personal details of hundreds of thousands of customers.  Tommy Hilfiger’s Japanese website, which received nearly one million visits so far in 2019, runs on an open Elasticsearch server not intended for URL access. But with minimal manipulation, the research team of Safety Detective was able to find the gaping security oversight to the customer database.  The unsecured database provided easy acc",https://www.thepaypers.com/digital-identity-security-online-fraud/tommy-hilfiger-japan-breach-exposes-hundreds-of-thousands-of-customers-data/778603-26#,,,
115,7b33b410-ef57-11e9-8b51-736a93581b2e,2019,Iranian Government,US deletes Iranian revolutionary guard database.,https://arstechnica.com/tech-policy/2019/08/us-hack-attack-hobbles-irans-ability-to-target-oil-tankers-nyt-says/,,,
116,942cab40-de0c-11e9-92e6-b7a271e742aa,2019,NCH Healthcare system,"he importance of security awareness training for healthcare employees has been highlighted by a recent phishing attack on Bonita Springs, FL-based NCH Healthcare System.  The attack was detected on June 14, 2019 when suspicious email activity was identified in relation to its payroll system. The investigation revealed a staggering 73 employees had responded to phishing emails and disclosed their account credentials to the scammers.",https://www.hipaajournal.com/73-email-accounts-compromised-in-major-phishing-attack-on-nch-healthcare-system/,,,
117,44324af0-2bf5-11ea-b50d-3fd6f00cf940,2019,Australian Broadcasting Corporation,"The ABC has been accused of violating women’s privacy and compromising their safety, after circulating a documentary which included the real names, faces and personal stories of rape and domestic violence victims, without the survivors’ knowledge or consent. ",https://www.news.com.au/national/unprofessional-unethical-unsafe-abc-breaches-rape-victims-privacy-in-new-tracey-spicer-documentary/news-story/584bcc2fc1bb28c534ff8d7a79e660f1; https://www.news.com.au/finance/business/media/sexual-assault-survivors-exposed-by-metoo-documentary-starring-tracey-spicer-speak/news-story/6262c9f2d81e90afb4259c908b154dda,,,
118,b110d310-e7b8-11ea-8ff0-e3594c873b30,2020,KreditPlus,KreditPlus is an Indonesian brand providing digital finance service. It was established by PT. Finansia Multi Finance in 2014.  KreditPlus suffered from a huge data breach that exposed over 900k records and the database is now available on different hacking forums,https://thepaged.com/kreditplus-data-breach-exposed-900k-users-data/,,,
119,3d7c9cb0-2398-11eb-b77f-316b5c5dd5eb,2020,NHS Lanarkshire,"NHS Lanarkshire have apologised after more than 400 incidents of data breach were recorded since March.  Hundreds of patients had their COVID-19 data breached in Lanarkshire, a statistic the Conservative party called “worrying”.  There were 414 data breaches between March 12 and May 25, but the health board have moved to assure the public these occurred among NHS staff.  READ MORE Lifeline East Kilbride playgroup saved from the axe by community football team Gabe Docherty, director of public hea",https://www.dailyrecord.co.uk/news/local-news/nhs-lanarkshire-apologise-over-hundreds-22316349,,,
120,c6cf08e0-30df-11ec-9798-915a6ecdc137,2021,Veritas,Iranian hackers release information of Israeli logistics company Veritas,https://www.jpost.com/breaking-news/iranian-hackers-release-information-of-israeli-logistics-company-veritas-667062,,,
121,6352dbb0-de08-11e9-92e6-b7a271e742aa,2019,Michigan Medicine,"Around 5,500 patients of the Michigan Medicine are getting notified regarding the phishing email campaign, which might have exposed a few of their PHI (Protected Health Information).     In July 2019, employees of the Michigan Medicine were targeted in a huge scale phishing campaign. More than 3,200 employees of Michigan Medicine have received phishing emails having a malicious link, which when clicked directed to a webpage looking like legitimate site requesting the user's email account usernam",http://www.spamfighter.com/News-22389-Around-5500-patients-PHI-exposed-in-phishing-attack-on-the-Michigan-Medicine.htm,,,
122,566103b0-ffdb-11e9-ad81-39b9e5fce51c,2019,King County,King County gave ICE inappropriate access to prison data,"https://www.kiro7.com/news/local/community-demands-accountability-after-king-county-allowed-ice-agents-to-access-personal-data/969586451,https://www.kiro7.com/news/local/report-finds-king-county-provided-info-to-ice-agents-against-county-law/965394537",,,
123,95138980-0997-11ec-863c-8359987c65e0,2020,Software AG,German tech giant Software AG down after ransomware attack,https://www.zdnet.com/article/german-tech-giant-software-ag-down-after-ransomware-attack/,,,
124,c58162d0-cd8b-11e9-b4e5-4769cce343a0,2019,Providence Health,"The personal information of as many as 122,000 customers of Providence Health Plan’s dental program in Oregon may have been compromised in a security breach at the program’s administrator, Virginia-based Dominion National.  The timing of the breach? Dominion doesn’t really know, but said it may have started up to nine years ago.",https://www.oregonlive.com/news/2019/08/122000-providence-health-plan-customers-may-be-affected-by-data-breach.html ; ,,,
125,e5a18d70-2383-11eb-b77f-316b5c5dd5eb,2020,FHN (Family Healthcare Network),"A limited number of FHN employees’ email accounts may have been accessed by an unauthorized person. FHN said on April 20, 2020, that their investigation found a privacy incident that happened with some of their employees. Now, FHN notified their patients whose information may have been involved in that incident.  FHN announced on July 31 that they sent emails to the patients related to the data breach. During the preliminary investigation, it was not confirmed which information may have been con",https://chicagomorningstar.com/fhn-sends-mails-to-patients-regards-a-recent-privacy-breach-incident ; https://www.infosecurity-magazine.com/news/data-breach-at-illinois-healthcare/,,,
126,86956d80-1d15-11ea-93dd-ad92e007263c,2019,Telecare Corp,"During an attempt to divert funds owed to Telecare Corp. from payors into fraudulent bank accounts, cybercriminals may have exposed patient information, according to a notice posted on the company's website Oct. 4.  Telecare discovered in August that hackers were trying to divert payments to fraudulent accounts. Upon investigation, the company learned the unauthorized third parties had gained access to a limited amount of patient demographic and clinical information.  According to HHS' Office fo",https://www.beckershospitalreview.com/cybersecurity/hackers-try-to-divert-payments-to-telemedicine-company-into-fraudulent-bank-accounts.html,,,
127,00392c50-0bf6-11ec-9c8a-d72b813bc8ca,2020,Equinix,Netwalker carried out the ransomware attack against data center colocation giant Equinix and demanded a $4.5 million ransom to prevent the release of stolen data,https://www.crn.com/news/security/equinix-ransomware-attack-hits-company-s-internal-systems,,,
128,45e6cf90-c81a-11e9-994f-43faafd7feda,2019,choice hotels,"700,000 records belonging to Choice Hotels have reportedly been stolen with hackers demanding payment for their return.   Comparitech, in collaboration with security researcher Bob Diachenko, found an unsecured database containing data belonging to the hotel franchise on July 2, 2019, after the database was indexed by the BinaryEdge search engine. ",https://www.databreachtoday.com/choice-hotels-700000-guest-records-exposed-a-12913 ; https://www.zdnet.com/article/700000-choice-hotels-records-leaked-in-data-breach/ ;https://www.msspalert.com/cybersecurity-news/choice-hotels-hacker-attack/,,,
129,5ae39280-1d0f-11ea-93dd-ad92e007263c,2019,Washington University School of Medicine's ophthalmology and visual sciences department,"A limited number of patients within Washington University School of Medicine's ophthalmology and visual sciences department may have had their information viewed by an unauthorized person.  In September, officials at the St. Louis-based university learned that patients had received an unusual letter regarding an ophthalmology department employee. After an internal investigation, officials determined that an unauthorized individual had gained access to the employee's email account through his or ",https://www.beckershospitalreview.com/cybersecurity/washington-university-school-of-medicine-notifies-patients-of-data-breach.html,,,
130,5bf780a0-f6b2-11ea-b6fa-6deaa5aa80b0,2020,Experian,Experian South African branch was social engineered into sending off client data,https://www.zdnet.com/article/experian-south-africa-discloses-data-breach-impacting-24-million-customers/,,,
131,b6251f40-9f8e-11ea-bb5f-9176852f1f89,2020,Colorado Department of Labor and Employment,"All 72,000 people signed up for pandemic unemployment assistance in Colorado are eligible for a year of free credit monitoring after a system error gave six people approved for benefits access to everyone else’s private information.",https://www.reporterherald.com/2020/05/19/colorado-pandemic-unemployment-assistance-informatoin-exposed-coroanvirus-covid/,,,
132,fc8fef30-251e-11eb-af35-ed9bb3f10d5f,2020,Hawaii Pacific Health,"Honolulu-based Hawaii Pacific Health has fired an employee after discovering the employee had inappropriately accessed patient medical records.  The employee worked at Straub Medical Center. The health system found that the employee had wrongfully accessed patient records between November 2014 and January 2020. According to HHS’ Office for Civil Rights data breach portal, 3,772 patients may have been affected.  Hawaii Pacific Health does not believe the former employee was accessing the informat",https://www.beckershospitalreview.com/cybersecurity/hawaii-health-system-fires-employee-after-wrongfully-viewing-patient-records.html ;https://www.hipaajournal.com/hawaii-pacific-health-discovers-5-year-insider-data-breach/,,,
133,580d0030-de14-11e9-92e6-b7a271e742aa,2019,Spotsylvania County Government,"The Virginia State Police were able to recover just over half of the $600,000 that was stolen from Spotsylvania County in a business email compromise scheme.  The state police, working with other in and out-of-state law enforcement agencies were able to track down deposits made in multiple banks, Fredricsburgh.com reported. The $347,000 recovered will be returned to the district this week and the investigation is continuing. No arrests have been made.  The incident took place two weeks ago when ",https://www.scmagazine.com/home/email-security/virginia-state-police-recoup-300k-stolen-in-bec-scam/,,,
134,d7d2d670-0d91-11eb-8a4c-a57973eceafd,2020,Natura & Co,unsecure elastic search dtabase,"https://www.darkreading.com/application-security/avon-server-leaks-user-info-and-administrative-data/d/d-id/1338468,https://www.scmagazine.com/website-web-server-security/did-avon-attackers-exploit-an-unprotected-web-server-as-a-path-of-least-resistance/,https://securityboulevard.com/2020/07/avon-cosmetics-leaks-7gb-of-personal-and-technical-information-from-unsecured-server/",,,
135,992d1e40-0233-11ea-ad43-7952870528d4,2019,Geisinger Health Plan,Partner is breached through email phishing resulting in patient information disclosure,"https://www.lewistownsentinel.com/news/local-news/2019/10/ghp-notifies-its-members-of-potential-vendor-email-breach/,https://www.dailyitem.com/news/security-breach-may-have-exposed-some-geisinger-health-plan-member/article_5b1be84e-f44f-11e9-b36a-9b7454042945.html",,,
136,a46c7250-463e-11ec-b26b-73b5a62f8946,2021,Airtel,Over two million Airtel numbers along with users details like the address and Aadhaar numbers reportedly leaked in a data breach and were available on the web.,https://www.indiatoday.in/technology/news/story/exclusive-millions-of-airtel-numbers-with-aadhaar-details-and-user-data-likely-leaked-were-accessible-on-web-1765247-2021-02-02,,,
137,12A05887-6463-48A9-A2CD-7C958C5D31D1,2024,Conduent Business Services,"""Conduent Inc. warned in an April 14 regulatory filing with the Securities and Exchange Commission that a “significant” number of people had their personal data stolen in a January cyberattack that affected a limited number of the company’s clients. The company, a major government payments technology vendor for social services and transit systems, was targeted in a Jan. 13 attack that disrupted certain operations. The company warned it has incurred and accrued a material amount of nonrecurring e",https://www.cybersecuritydive.com/news/government-payments-conduent-cyberattack/738123/; https://www.cybersecuritydive.com/news/conduent-data-breach-began-2024-intrusion/803930/; https://www.crn.com/news/security/2025/conduent-discloses-theft-of-client-data-in-hack-significant-number-of-individuals-impacted?itc=refresh; https://dailymontanan.com/2025/10/22/state-officials-blue-cross-blue-shield-breach-could-compromise-one-third-of-all-residents-data/; https://www.cybersecuritydive.com/news/condu,,,
138,E4D6823E-AF83-4265-9B88-8DC0AFB3419F,2024,Unnamed Partner,"""Nokia is investigating a third-party security breach after prolific threat actor IntelBroker listed the company’s allegedly stolen source code for sale on the dark web forum BreachForums. The threat actor claims the data was pulled from a third-party developer’s server who helped Nokia develop internal tools.""",https://www.techzine.eu/news/security/125963/nokia-investigates-hack-caused-by-default-password/; https://www.theregister.com/2024/11/06/nokia_data_theft/; https://www.forbes.com/sites/daveywinder/2024/11/07/hacker-selling-nokia-data-for-20000-nokia-says-nothing-to-see-here/; https://www.darkreading.com/cyberattacks-data-breaches/nokia-no-evidence-so-far-hackers-breached-company-data; https://www.cpomagazine.com/cyber-security/nokia-security-breach-leaks-source-code-login-credentials-keys-and-mo,,,
139,c2c5d350-04ad-11eb-8c43-8ded27596b66,2020,Lorien Health Services,Lorien Health Services in Maryland experienced a name and shame ransomware attack (Netwalker) ,https://www.bleepingcomputer.com/news/security/lorien-health-services-discloses-ransomware-attack-affecting-nearly-50-000/,,,
140,E7CFB8E6-7C28-4DC5-9FE4-D5D97C0747AC,2024,Blue Yonder,"""“On November 21, 2024, Blue Yonder experienced disruptions to its managed services hosted environment, which was determined to be the result of a ransomware incident,” Blue Yonder said in an initial public statement on Friday. The company said in an updated statement on Saturday it was making “steady progress” in its recovery but still did not have a “timeline for restoration.”  Immediate impact was felt in the United Kingdom, where two of the four biggest grocery chains told CNN they were taki",https://www.kcra.com/article/software-company-grocery-stores-ransomware-attack/63007596; https://www.darkreading.com/cyberattacks-data-breaches/ransomware-attack-blue-yonder-starbucks-supermarkets; https://www.cbsnews.com/news/starbucks-ransomware-attack-blue-yonder-barista/; https://therecord.media/starbucks-bic-morrisons-blue-yonder-supply-chain-attack-ransomware; https://www.blackfog.com/ransomware-meets-retail-blue-yonder-attack/; https://www.securityweek.com/blue-yonder-probing-data-theft-c,,,
141,5449b810-72d5-11eb-b847-53c7fcddcc7a,2020,Comcast,"Nearly 200,000 Xfinity customers nationwide who pay for their phone numbers to remain unlisted or unpublished had their contact information mistakenly posted online last fall, the company confirmed Wednesday.",https://www.denverpost.com/2020/03/05/comcast-xfinity-customer-privacy-release/,,,
142,9ff4ce50-058d-11ea-a6b7-b9a04765ea4f,2019,Malaysian Ministry of Health,"In yet another data breach, more than 17,000 patients' personal data have been exposed on the government-linked National Neurology Registry (NNeuR) website due to a scripting error.",https://www.thestar.com.my/news/nation/2019/10/23/over-17000-patients039-personal-data-exposed-on-national-neurology-registry-website,,,
143,22d1a2d0-2397-11eb-a2fc-cdee479fbead,2020,Tokopedia,Hackers steal online store user database and try and sell it.,"https://www.zdnet.com/article/hacker-leaks-15-million-records-from-tokopedia-indonesias-largest-online-store/,https://en.tempo.co/read/1338058/tokopedia-confirms-attempted-data-theft",,,
144,cccdaf20-a10d-11ea-878c-ff8a51fa1e8f,2020,Small Business Administration,"Small businesses across the U.S. have reported personal data leaks after applying for a disaster loan from the Small Business Administration. The SBA, whose website was plagued by maintenance shutdowns in late March, did not acknowledge the leaks until Saturday evening. The agency told CBS News it is currently operational — despite concerns from small business owners.  Eric Levinson opened The Hummingbird Inn, a pet-friendly Maryland bed-and-breakfast, in 2017. When the coronavirus pandemic hit ",https://www.cbsnews.com/news/business-owners-say-their-personal-data-is-being-leaked-on-federal-loan-site/; https://www.cnbc.com/2020/04/21/small-businesses-seeking-loans-may-have-had-personal-data-exposed.html; https://www.zdnet.com/article/bank-of-america-blames-ppp-applications-leak-on-faulty-sba-test-server/,,,
145,18b5e040-ce57-11e9-b4e5-4769cce343a0,2019,United States Air Force ,"SEOUL, South Korea — American troops may have been among the victims of hackers who stole information from more than 1 million U.S. and South Korean credit cards and listed it for sale on the dark web over the past three months, the military said.  The thefts targeted unspecified business and financial entities in South Korea and included information on at least 38,000 U.S.-issued payment cards, according to an alert distributed by the Eighth Army via its Facebook page on Monday.  An unnamed cre",https://www.stripes.com/news/pacific/us-troops-may-be-victims-of-massive-credit-card-hack-in-south-korea-military-says-1.594954,,,
146,0d563260-1d0b-11ea-93dd-ad92e007263c,2019,Magellan Health Systems,"A data breach at Magellan Health, Inc. has put the personal information of Florida Blue members at risk, the company announced Friday.  Florida Blue says “less than 1 percent” of its approximately 5 million members were affected.  The breach, which reportedly occurred on May 28, was traced back to an employee who handles the healthcare provider’s member data. Magellan believes the employee’s email was hacked in a phishing scam. In doing so, numerous personal identifiers including the members’ na",https://www.miamiherald.com/news/health-care/article237179858.html ;https://www.tennessean.com/story/news/health/2019/11/08/tenncare-hacked-private-info-44-000-members-magellan-health-services/2534103001/,,,
147,7bde6b70-0a10-11ea-9e73-f15207d33dcb,2019,Safaricom,Safaricom employees unlawfully copied and shared privileged subscriber data,https://www.nation.co.ke/news/Safaricom-staff-charged-with-Sh300m-fraud/1056-5151978-6ok5a3/index.html,,,
148,19cc604b-9ec8-4afb-829d-e7e7ed2d4e97,2020,Thai Beverage Public Company,Thai beverage company hit by Maze randomware. Group posts data to encourage compliance with ransom demand.,https://itwire.com/security/maze-used-to-attack-on-big-thai-beverages-company.html,,,
149,2c285ba0-0e5a-11eb-ad9a-2114263f926d,2020,Istituto nazionale della previdenza sociale,overwhelmed website suffers degredation and information leakage (likely through cached profiles),https://portswigger.net/daily-swig/inps-hack-italys-social-security-website-back-online-following-cyber-attack-claims,,,
150,17446090-1d14-11ea-93dd-ad92e007263c,2019,"Adobe, Inc.","Adobe Inc. exposed the data of 7.5 million of its creative-software customers, a person familiar with the matter said, in the latest example of a company leaving consumer information visible on the internet.  Adobe addressed the vulnerability the same day it was discovered, Oct. 19, said the person, who asked not to be identified discussing the breach. The San Jose, California-based software maker said it shut off public access to a database of customer email addresses last week, according to a ",https://www.bloomberg.com/news/articles/2019-10-25/adobe-exposed-data-of-more-than-7-million-software-users,,,
151,78fccde0-cffd-11e9-b7c0-13a933b7e5d5,2019,City of Saskatoon,"Saskatoon city manager Jeff Jorgensen has admitted that the city has lost $1.04 million to a fraudster posing as a construction company’s chief financial officer for weeks. An expert now believes that the money may have been sent overseas and it is possible the city will never see the over $1 million in taxpayer money again.  The City of Saskatoon has been affected by a fraud scheme, where a fraudster electronically impersonated the CFO of a construction company and asked for a change of banking",https://www.thepostmillennial.com/saskatoon-city-hall-loses-over-1-million-in-phishing-scam/; https://www.bleepingcomputer.com/news/security/scammer-tricks-city-into-1-million-wire-transfer/; ,,,
152,9bb8e910-8e99-11ec-a600-657ec2694f8f,2021,Twitch,Streaming service twitch is compromised after hackers discovered a misconfigured switch which exposed internal resources,https://www.lightreading.com/security/twitch-gets-hacked-in-biggest-data-breach-ever/d/d-id/772624?_mc=RSS_LR_EDT,,,
153,8f722150-a118-11ea-878c-ff8a51fa1e8f,2020,Magellan Health,"Ransomware name and shame on healthcare company during pandemic.  Magellan Health is warning customers that an April 11 ransomware attack may have affected their personal information.  A Mandiant investigation determined an “unauthorized actor gained access to Magellan’s systems after sending a phishing email on April 6” impersonating one of the company’s clients, the company said in a notice from Magellan Senior Vice President and Chief Compliance Officer John J. DiBernardi. Before launching ra",https://www.foxbusiness.com/technology/hacker-hits-magellan-health-with-ransomware-attack; https://www.infosecurity-magazine.com/news/us-health-giant-hooked-with/; https://www.scmagazine.com/home/security-news/magellan-health-warns-ransomware-attack-exposed-pii/,,,
154,695a0b20-1d1c-11ea-93dd-ad92e007263c,2019,Kalispell Regional Healthcare,"Kalispell (Mont.) Regional Healthcare began notifying nearly 130,000 patients Oct. 23 that their information may have been exposed due to a phishing attack.  The health system discovered in June that several employees had provided their credentials to an unauthorized third party. Upon investigation, KRH determined that the hacker may have been able to access data from as early as May.  Patient data that may have been affected included names, addresses, medical record numbers, dates of birth, tel",https://www.beckershospitalreview.com/cybersecurity/montana-health-system-alerts-130-000-patients-of-data-breach.html ;https://www.abcfoxmontana.com/crime/data-of-kalispell-regional-patients-possibly-breached/article_f6e498e8-f52b-11e9-9104-1325b320b442.html,,,
155,4a70e2f0-1c7b-11ec-bbb1-d17b99816d46,2021,Acer,Acer hit by apparent attack from REvil ransomware group,https://www.databreaches.net/acer-data-breach-sodinokibi-ransomware-group-publishes-first-stolen-data/,,,
156,aae96600-c8fb-11e9-9c8c-43e34f445f97,2019,Desjardins Group,"More than 2.9 million Desjardins Group members have had their personal information compromised in a data breach targeting Canada’s biggest credit union.  The incident stems from “unauthorized and illegal use of internal data” by an employee who has since been fired, Desjardins said Thursday in a statement. Computer systems were not breached, the cooperative said.  Names, dates of birth, social insurance numbers, addresses and phone numbers of about 2.7 million individual members were released to",https://montrealgazette.com/business/desjardins-rogue-employee-caused-data-breach-for-2-9-million-members; https://www.cbc.ca/news/canada/montreal/desjardins-data-breach-1.5183297; https://www.databreaches.net/desjardins-hit-with-two-class-action-suits-after-security-breach/; https://www.pymnts.com/news/security-and-risk/2019/lender-desjardins-data-breach/; https://montrealgazette.com/news/local-news/hacked-desjardins-data-already-sold-to-criminals-report; https://www.cbc.ca/news/canada/montreal,,,
157,4f463200-25ed-11ec-8021-93be7268887c,2019, Kent County Council,Adoption agency accidentally CC'd everyone instead of BCC,https://www.bbc.com/news/uk-england-kent-47390022,,,
158,b8918980-d42b-11eb-a192-c5509024cd4a,2020,Singapore department of health,Singapore government employee leaks covid numbers before they're officially published,https://ca.finance.yahoo.com/news/female-public-servant-another-woman-charged-over-covid-data-leak-142130184.html,,,
159,edbba120-fb21-11e9-ac31-5797fdf8a397,2019,intuit,credential stuffing against tax webapp.,"https://ago.vermont.gov/wp-content/uploads/2019/02/2019-02-22-Intuit-Notice-of-Data-Breach-to-Consumers.pdf,https://www.darkreading.com/threat-intelligence/turbotax-hit-with-cyberattack-tax-returns-compromised/d/d-id/1333954",,,
160,a15200e0-c822-11e9-8a5a-abdcbb867af8,2019,Capital One,"A former software engineer named Paige A. Thompson hacked into Capital One's systems and accessed the information of more than 100 million credit-card applicants and customers, federal prosecutors said. An FBI agent said he tracked her down after she talked about it online.  A software engineer in Seattle was behind a Capital One data breach that affected more than 100 million credit-card applicants and customers in the US and Canada, prosecutors alleged in a criminal complaint on Monday.  Paige",https://www.cnn.com/2019/07/29/business/capital-one-data-breach/index.html; https://krebsonsecurity.com/2019/07/capital-one-data-theft-impacts-106m-people/; https://www.documentcloud.org/documents/6224689-Capital-One-breach-criminal-complaint.html; https://www.businessinsider.com/how-the-fbi-caught-paige-a-thompson-alleged-capital-one-hack-2019-7; https://news.bloomberglaw.com/class-action/capital-one-hit-with-first-class-action-over-security-breach; https://mobilesyrup.com/2019/08/14/capital-on,,,
161,d1ac8700-f0e6-11e9-84f1-e9d602503a96,2019,Michael Garron Hospital,"hospital infected by ransomware, likely through phishing.","https://toronto.ctvnews.ca/east-york-hospital-recovering-after-malware-attack-1.4624628,https://www.crowdstrike.com/blog/big-game-hunting-with-ryuk-another-lucrative-targeted-ransomware/",,,
162,a78379f0-2823-11eb-8365-4f57e2156a07,2020,Air India,Air India crew members were fired for taking a picture of Air India One,https://simpleflying.com/air-india-presidential-boeing-777-leak/,,,
163,656b4d50-15e0-11ea-ba54-075d8b11bbd2,2019,"SEVEN-ELEVEN JAPAN CO.,LTD.","https://www.mobileworldlive.com/money/news-money/security-breach-brings-down-shutters-on-7pay/,https://www.theverge.com/2019/7/6/20684386/7-eleven-japan-shut-mobile-payments-app-7pay-security-flaw-cybersecurity,https://www.databreaches.net/security-breach-brings-down-shutters-on-7pay/",,,,
