n,incident_id,year,victim,summary,reference,coderB_infra,coderB_root_cause,coderB_basis
1,423fded0-25c1-11eb-a3b1-07c4769263ea,2019,,"According to PingWest, a Chinese technology publication, Sina Weibo, which most consider it the Chinese version of Twitter, had a data breach that caused 538 million records of its users to be exposed.  A platform user discovered on March 19 that 538 million Weibo users’ phone numbers were for sale on the dark web. The price for 172 million of these phone numbers was only 0.177 Bitcoin (BTC), which is about $1,150 at the moment. It seems the cyber-attackers gained access to information such as u",https://bitcoinexchangeguide.com/weibo-data-breach-has-538m-users-personal-information-up-for-sale-on-dark-web-for-btc/,,,
2,8482a830-1194-11ec-a044-77090c8577a4,2019,Witchita State University,"Witchita University experienced unauthorized access to personal information of students, staff and faculty",https://thesunflower.com/49658/news/wsu-student-faculty-staff-information-potentially-compromised-in-december-data-breach/,,,
3,de435710-e4a6-11e9-8cfd-bf57b38104b7,2019,Nanaimo Regional General Hospital," Island Health has fired an employee following a privacy breach of 102 people at Nanaimo Regional General Hospital.  The breach involved an employee who is ""no longer associated with Island Health,"" the authority said.  ""Our employees are well aware the snooping into the health records of family and friends, or anyone, is prohibited,"" the organization said. ""They receive information and training about privacy, their employee obligations when accessing confidential information and records, and th",https://www.timescolonist.com/news/local/privacy-breach-at-nanaimo-hospital-after-health-records-illicitly-accessed-1.23771604; https://vancouverisland.ctvnews.ca/island-health-confirms-privacy-breach-at-nanaimo-hospital-1.4354114,,,
4,e23a8d10-e452-11e9-a93a-d3a3d34c5869,2019,MobilexUSA,ProPublica searched the internet for Picture Archiving and Communication System (PACS) servers speaking an old medical imaging sharing protocol (DICOM) and found lots of data.,"https://www.propublica.org/article/millions-of-americans-medical-images-and-data-are-available-on-the-internet,https://www.bleepingcomputer.com/news/security/400-million-medical-radiological-images-exposed-on-the-internet/,https://healthitsecurity.com/news/senator-demands-imaging-firm-share-cybersecurity-practices-after-breach",,,
5,35e9efe0-237d-11eb-a2fc-cdee479fbead,2019,Juniata College,Attackers access email and potentially access PII within,https://www.prnewswire.com/news-releases/juniata-college-provides-notice-of-data-incident-300978313.html,,,
6,61a2fb30-0ade-11ea-a7de-15b14f857e77,2019,Beaumont Health,employee accesses patient information stored by victim to embarrass her on social media.,https://www.wxyz.com/news/i-felt-so-betrayed-woman-sues-beaumont-after-medical-records-turn-up-on-social-media,,,
7,b38be3f0-cd2e-11e9-a052-6392f3b8c0e8,2019,Toyota,"Toyota has confirmed that as many as 3.1 million items of Toyota and Lexus customer data may have been breached following an attack on dealerships in Japan.  The company says that ""information that may have been leaked this time does not include information on credit cards,"" but customers are already on edge following the cyber-attack that hit Toyota Australia in February.   Notification about the breach was published in the company newsroom last week. The statement said that there was ""unauthor",https://www.zdnet.com/article/toyota-announces-second-security-breach-in-the-last-five-weeks/; https://www3.nhk.or.jp/nhkworld/en/news/20190329_38/; https://securitytoday.com/articles/2019/04/02/toyota-and-lexus-dealerships-hacked-millions-left-vulnerable.aspx?admgarea=ht.airport,,,
8,a1da1460-0e80-11ed-9a95-4bdaebaab721,2019,S&P Dow Jones Indices,An employee of S&P used their insider knowledge to create some insider trading,https://www.wsj.com/articles/two-n-y-men-accused-of-trading-on-inside-information-from-s-p-dow-jones-indices-11600734328,,,
9,7b33b410-ef57-11e9-8b51-736a93581b2e,2019,Iranian Government,US deletes Iranian revolutionary guard database.,https://arstechnica.com/tech-policy/2019/08/us-hack-attack-hobbles-irans-ability-to-target-oil-tankers-nyt-says/,,,
10,78fccde0-cffd-11e9-b7c0-13a933b7e5d5,2019,City of Saskatoon,"Saskatoon city manager Jeff Jorgensen has admitted that the city has lost $1.04 million to a fraudster posing as a construction company’s chief financial officer for weeks. An expert now believes that the money may have been sent overseas and it is possible the city will never see the over $1 million in taxpayer money again.  The City of Saskatoon has been affected by a fraud scheme, where a fraudster electronically impersonated the CFO of a construction company and asked for a change of banking",https://www.thepostmillennial.com/saskatoon-city-hall-loses-over-1-million-in-phishing-scam/; https://www.bleepingcomputer.com/news/security/scammer-tricks-city-into-1-million-wire-transfer/; ,,,
11,d1cf9820-0a3c-11ea-9821-617d71ee6253,2019,Valero ,4 skimmers found on a Valero in San Antonio,https://www.mysanantonio.com/news/local/crime/article/16-card-skimmers-found-at-San-Antonio-gas-14416010.php#item-85307-tbla-5,,,
12,992d1e40-0233-11ea-ad43-7952870528d4,2019,Geisinger Health Plan,Partner is breached through email phishing resulting in patient information disclosure,"https://www.lewistownsentinel.com/news/local-news/2019/10/ghp-notifies-its-members-of-potential-vendor-email-breach/,https://www.dailyitem.com/news/security-breach-may-have-exposed-some-geisinger-health-plan-member/article_5b1be84e-f44f-11e9-b36a-9b7454042945.html",,,
13,a15200e0-c822-11e9-8a5a-abdcbb867af8,2019,Capital One,"A former software engineer named Paige A. Thompson hacked into Capital One's systems and accessed the information of more than 100 million credit-card applicants and customers, federal prosecutors said. An FBI agent said he tracked her down after she talked about it online.  A software engineer in Seattle was behind a Capital One data breach that affected more than 100 million credit-card applicants and customers in the US and Canada, prosecutors alleged in a criminal complaint on Monday.  Paige",https://www.cnn.com/2019/07/29/business/capital-one-data-breach/index.html; https://krebsonsecurity.com/2019/07/capital-one-data-theft-impacts-106m-people/; https://www.documentcloud.org/documents/6224689-Capital-One-breach-criminal-complaint.html; https://www.businessinsider.com/how-the-fbi-caught-paige-a-thompson-alleged-capital-one-hack-2019-7; https://news.bloomberglaw.com/class-action/capital-one-hit-with-first-class-action-over-security-breach; https://mobilesyrup.com/2019/08/14/capital-on,,,
14,c58162d0-cd8b-11e9-b4e5-4769cce343a0,2019,Providence Health,"The personal information of as many as 122,000 customers of Providence Health Plan’s dental program in Oregon may have been compromised in a security breach at the program’s administrator, Virginia-based Dominion National.  The timing of the breach? Dominion doesn’t really know, but said it may have started up to nine years ago.",https://www.oregonlive.com/news/2019/08/122000-providence-health-plan-customers-may-be-affected-by-data-breach.html ; ,,,
15,695a0b20-1d1c-11ea-93dd-ad92e007263c,2019,Kalispell Regional Healthcare,"Kalispell (Mont.) Regional Healthcare began notifying nearly 130,000 patients Oct. 23 that their information may have been exposed due to a phishing attack.  The health system discovered in June that several employees had provided their credentials to an unauthorized third party. Upon investigation, KRH determined that the hacker may have been able to access data from as early as May.  Patient data that may have been affected included names, addresses, medical record numbers, dates of birth, tel",https://www.beckershospitalreview.com/cybersecurity/montana-health-system-alerts-130-000-patients-of-data-breach.html ;https://www.abcfoxmontana.com/crime/data-of-kalispell-regional-patients-possibly-breached/article_f6e498e8-f52b-11e9-9104-1325b320b442.html,,,
16,9ff4ce50-058d-11ea-a6b7-b9a04765ea4f,2019,Malaysian Ministry of Health,"In yet another data breach, more than 17,000 patients' personal data have been exposed on the government-linked National Neurology Registry (NNeuR) website due to a scripting error.",https://www.thestar.com.my/news/nation/2019/10/23/over-17000-patients039-personal-data-exposed-on-national-neurology-registry-website,,,
17,c1a7f4b0-023a-11ea-ad43-7952870528d4,2019,Nokia,Nokia Employee accidentally uploaded data to an rsync server that was publicly facing,https://www.gizmodo.co.uk/2019/09/exposed-files-leak-details-on-sorm-russias-pervasive-domestic-surveillance-system/,,,
18,7bde6b70-0a10-11ea-9e73-f15207d33dcb,2019,Safaricom,Safaricom employees unlawfully copied and shared privileged subscriber data,https://www.nation.co.ke/news/Safaricom-staff-charged-with-Sh300m-fraud/1056-5151978-6ok5a3/index.html,,,
19,edbba120-fb21-11e9-ac31-5797fdf8a397,2019,intuit,credential stuffing against tax webapp.,"https://ago.vermont.gov/wp-content/uploads/2019/02/2019-02-22-Intuit-Notice-of-Data-Breach-to-Consumers.pdf,https://www.darkreading.com/threat-intelligence/turbotax-hit-with-cyberattack-tax-returns-compromised/d/d-id/1333954",,,
20,fe3911d0-c8f0-11e9-9c16-3f32faecab86,2019,Honda Motor Manufacturing,"On the eve of releasing its financial earnings for the past quarter, Honda created a situation described by one security researcher as “a hacker’s dream”. According to Verdict, 40GB of critical company data – amounting to 134m rows of system data – was stored on an unsecured Elasticsearch database.  This meant that anyone who knew where to look could have come across the company’s most sensitive data, not only including information about the company’s security systems and networks, but also tech",https://www.databreaches.net/honda-motor-company-leaks-database-with-134-million-rows-of-employee-computer-data/ ;https://rainbowtabl.es/2019/07/31/honda-motor-company-leak/ ;https://www.siliconrepublic.com/enterprise/honda-massive-data-breach,,,
21,0bc75e50-e0ad-11e9-8cfd-bf57b38104b7,2019,Yves Rocher,"Security researchers with vpnMentor recently discovered that retail consultancy firm Aliznet was leaking the data of 2.5 million Canadian Yves Rocher customers via an unsecured Elasticsearch database. The exposed data includes names, phone numbers, email addresses, dates of birth and postcodes.  In addition, the researchers found six million customer orders on the leaky server. The orders mentioned a unique customer ID that made it possible to link them to clients in the database. The server als",https://www.oodaloop.com/briefs/2019/09/03/data-leak-hits-2-5-million-customers-of-cosmetics-giant-yves-rocher/; https://threatpost.com/data-leak-impacts-millions/147908/; https://www.informationsecuritybuzz.com/expert-comments/yves-rocher-third-party-data-breach-exposes-millions-of-customer-records/; https://www.vpnmentor.com/blog/report-aliznet-leak/,,,
22,814ce820-35b0-11ec-be76-613d00a742ca,2019,Singapore Police Department,"SINGAPORE — A police sergeant was charged on Thursday (2 September) for allegedly seeking a romantic relationship with a female individual, in exchange for helping her with her case.  Singaporean Sean Teo, 25, was handed a charge each under the Computer Misuse Act, Official Secrets Act and Prevention of Corruption Act.  These are for accessing data regarding to individuals arrested in the Singapore Police Force system without authority; for sending a photo he received from a police operation to ",https://news.yahoo.com/police-officer-charged-seeking-relationship-woman-exchange-help-case-035449776.html,,,
23,17446090-1d14-11ea-93dd-ad92e007263c,2019,"Adobe, Inc.","Adobe Inc. exposed the data of 7.5 million of its creative-software customers, a person familiar with the matter said, in the latest example of a company leaving consumer information visible on the internet.  Adobe addressed the vulnerability the same day it was discovered, Oct. 19, said the person, who asked not to be identified discussing the breach. The San Jose, California-based software maker said it shut off public access to a database of customer email addresses last week, according to a ",https://www.bloomberg.com/news/articles/2019-10-25/adobe-exposed-data-of-more-than-7-million-software-users,,,
24,18b5e040-ce57-11e9-b4e5-4769cce343a0,2019,United States Air Force ,"SEOUL, South Korea — American troops may have been among the victims of hackers who stole information from more than 1 million U.S. and South Korean credit cards and listed it for sale on the dark web over the past three months, the military said.  The thefts targeted unspecified business and financial entities in South Korea and included information on at least 38,000 U.S.-issued payment cards, according to an alert distributed by the Eighth Army via its Facebook page on Monday.  An unnamed cre",https://www.stripes.com/news/pacific/us-troops-may-be-victims-of-massive-credit-card-hack-in-south-korea-military-says-1.594954,,,
25,4f463200-25ed-11ec-8021-93be7268887c,2019, Kent County Council,Adoption agency accidentally CC'd everyone instead of BCC,https://www.bbc.com/news/uk-england-kent-47390022,,,
26,17f01c60-0a52-11eb-a175-e162319ad19d,2019,EVERSANA,Unknown activity (on legacy technology?) led to email compromise of PHI.,https://finance.yahoo.com/news/eversana-notification-data-privacy-incident-010000660.html,,,
27,cd8d7dc0-74a5-11eb-a956-8766d2dd0181,2020,Twitter,"The Twitter accounts of several high-profile users, many of which were “verified” on the social network, have been hacked, with malicious actors posting messages that encouraged followers to send money to a certain Bitcoin address.  The affected Twitter accounts include Bill Gates, Elon Musk, Coinbase, Coindesk, Jeff Bezos, Joe Bezos, Uber, and others.  “Everyone is asking me to give back, and now is the time. I am doubling all payments sent to my BTC address for the next 30 minutes. You send $1",https://news.softpedia.com/news/bill-gates-elon-musk-apple-twitter-accounts-hacked-530548.shtml; https://www.washingtonpost.com/technology/2020/07/15/musk-gates-twitter-hack/; https://krebsonsecurity.com/2020/07/whos-behind-wednesdays-epic-twitter-hack/; https://www.bigcountryhomepage.com/news/tech-news/twitter-says-attackers-successfully-targeted-some-of-our-employees-to-gain-internal-tools/; https://www.windowscentral.com/twitter-says-130-accounts-targeted-45-compromised-security-breach; https,,,
28,020b29c0-72c2-11eb-a674-05cfd55ad89e,2020,Tokopedia,Tokopedia had their database stolen and sold on criminal forums which contained like 91m users account information,https://en.antaranews.com/news/151854/tokopedia-notifies-authorities-of-third-party-over-data-breach,,,
29,ebb53ce0-f6bc-11eb-9352-c36534d585e1,2020,Northwestern Memorial,At Northwestern Memorial a temp employee was inappropriately accessing patient data for two months,https://chicago.cbslocal.com/2020/12/31/data-breach-at-northwestern-memorial-hospital-says-no-evidence-of-fraud/,,,
30,8eb10b30-a4fd-11ea-9a08-d99599f4dafe,2020,Kerala State Health Department,"Kerala, one of the worst-hit states in India’s COVID-19 crisis, reported five positive cases from Aythala in Ranni-Pazhavangady panchayat. The database of all the active patients, and those who came in direct contact with them, was maintained on the district administrator’s office computers. The data included information on other people coming into the district from abroad and those kept in self-quarantine, their recent travel history, residential addresses and contact details, etc. District Col",https://www.cisomag.com/hackers-attack-database-of-indias-covid-19-patients-and-potential-suspects/,,,
31,5bf780a0-f6b2-11ea-b6fa-6deaa5aa80b0,2020,Experian,Experian South African branch was social engineered into sending off client data,https://www.zdnet.com/article/experian-south-africa-discloses-data-breach-impacting-24-million-customers/,,,
32,5449b810-72d5-11eb-b847-53c7fcddcc7a,2020,Comcast,"Nearly 200,000 Xfinity customers nationwide who pay for their phone numbers to remain unlisted or unpublished had their contact information mistakenly posted online last fall, the company confirmed Wednesday.",https://www.denverpost.com/2020/03/05/comcast-xfinity-customer-privacy-release/,,,
33,3c2b6f70-72c7-11eb-a674-05cfd55ad89e,2020,South Yorkshire Police,UK Police left a system exposed that collected license plate information and bunch of other travelers data,https://www.dailymail.co.uk/news/article-8305991/Data-breach-left-millions-car-trips-exposed.html,,,
34,4ac2cc20-2378-11eb-b77f-316b5c5dd5eb,2020,University of Ottawa," Sept.9, students in CSI 4139, Design of Secure Systems, joined their class using YouTube live streams only to see their private information leaked on YouTube.  The professor was seemingly unaware that he was publicly broadcasting the names, email addresses, year of study, and programs of each student.  This live stream was publicly recorded and available for the general public to view.  When asked for a statement regarding the matter, Professor Mohamed Ali Ibrahim did not respond to The Fulcrum",https://thefulcrum.ca/sciencetech/students-information-leaked-in-youtube-broadcast/,,,
35,d7d2d670-0d91-11eb-8a4c-a57973eceafd,2020,Natura & Co,unsecure elastic search dtabase,"https://www.darkreading.com/application-security/avon-server-leaks-user-info-and-administrative-data/d/d-id/1338468,https://www.scmagazine.com/website-web-server-security/did-avon-attackers-exploit-an-unprotected-web-server-as-a-path-of-least-resistance/,https://securityboulevard.com/2020/07/avon-cosmetics-leaks-7gb-of-personal-and-technical-information-from-unsecured-server/",,,
36,da684490-723d-11eb-b847-53c7fcddcc7a,2020,Estee Lauder,"A non-password protected cloud database containing hundreds of millions of customer records and internal logs for cosmetic giant Estée Lauder has been found exposed online, according to researchers.  In all, 440,336,852 individual data pieces were exposed, according to researcher Jeremiah Fowler at Security Discovery. Many of the records importantly contained plaintext email addresses (including internal email addresses from the @estee.com domain). There were also reams of logs for content manag",https://threatpost.com/estee-lauder-440m-records-email-network-info/152789/; https://www.forbes.com/sites/daveywinder/2020/02/11/estee-lauder-data-leak-440-million-records-exposed/#15111f152590,,,
37,b6251f40-9f8e-11ea-bb5f-9176852f1f89,2020,Colorado Department of Labor and Employment,"All 72,000 people signed up for pandemic unemployment assistance in Colorado are eligible for a year of free credit monitoring after a system error gave six people approved for benefits access to everyone else’s private information.",https://www.reporterherald.com/2020/05/19/colorado-pandemic-unemployment-assistance-informatoin-exposed-coroanvirus-covid/,,,
38,4f7d4040-0cc2-11ec-a2d0-f3cc343be99c,2020,NSW Police,NSW Police Leaked the Emails of Everyone Who Complained About BLM Protestors Being Pepper Sprayed ,https://www.gizmodo.com.au/2020/08/nsw-police-leaked-the-emails-of-everyone-who-complained-about-blm-protestors-being-pepper-sprayed/,,,
39,a78379f0-2823-11eb-8365-4f57e2156a07,2020,Air India,Air India crew members were fired for taking a picture of Air India One,https://simpleflying.com/air-india-presidential-boeing-777-leak/,,,
40,6f2f9bf0-e962-11eb-9aea-07892f56ef76,2020,Barnes and Noble,Barnes and Noble was potentially compromised by Ergegor ransomware,https://www.zdnet.com/article/barnes-noble-confirms-cyberattack-customer-data-breach/,,,
41,f3fa2580-72bb-11eb-a674-05cfd55ad89e,2020,Virgin Media,"Virgin media left a database unprotected and exposed the data of 900,000 users",https://www.zdnet.com/article/virgin-media-exposes-data-of-900000-users-via-unprotected-marketing-database/,,,
42,0faac9b0-6c95-11eb-aa83-f564cd4131c9,2020,Activision,Activision credential stuffed resulting in 500k user data at risk,https://www.computerweekly.com/news/252489430/Activision-shoots-down-data-breach-claims,,,
43,a64fc920-0744-11ec-863c-8359987c65e0,2020,CivicSmart,A company that sells “smart” parking meters and technology used by parking-enforcement agencies in cities around the world was recently the victim of a ransomware attack that also exposed some of its internal files on a website maintained by the hackers responsible,https://www.databreaches.net/smart-parking-meter-vendor-had-data-stolen-in-ransomware-attack/,,,
44,493ee1d0-94fc-11ec-a39a-3584eb2df2ab,2020,Blackbaud,"Blackbaud, one of the world’s largest providers of financial and fundraising technology to nonprofits, was hacked and paid a ransom to have the hijacked data destroyed by the cybercriminals.  Officials learned of the intrusion in May and called in law enforcement and independent forensics experts to work with Blackbaud’s own security team, a Blackbaud spokesperson said. The teams were able to prevent the blocking of system access for users and the fully encrypting of files.  Blackbaud officials ",https://www.zdnet.com/article/cloud-provider-stopped-ransomware-attack-but-had-to-pay-ransom-demand-anyway/;  https://www.computing.co.uk/news/4021003/blackbaud-ransomware-hackers-access-unencrypted-banking-login-credentials;  https://www.thenonprofittimes.com/npt_articles/breaking-blackbaud-hacked-ransom-paid/;  https://oag.ca.gov/system/files/Oakwood%20-%20California%20Notification.pdf;  https://www.wabi.tv/2020/08/19/husson-university-latest-to-announce-data-breach/;  https://scvnews.com/coc-,,,
45,10861410-f2bb-11ea-8781-7798bdcc4349,2020,Religare Health Insurance,"Dark web sweepers Cyble has claimed that internal data of Gurugram-based Religare Health Insurance has lost 5 Mn records, which is now up for sale. The US-based cybersecurity firm has claimed that the hacked data includes details of Religare, its agents, several sensitive information of the company’s clients, including their names, phone numbers, email id, date of birth.  According to a blog post, published by Cyble, the leaked database also contains details about insurance policies like custome",https://inc42.com/buzz/major-data-breach-at-religare-health-insurance-cyble-warns-of-phishing/,,,
46,7d05f300-04ac-11eb-8c43-8ded27596b66,2020,Children's Hospital of Colorado,Children's Hospital of Colorado had someone hack one of their emails through phishing disclosing 2553 records,https://www.beckershospitalreview.com/cybersecurity/2-553-patients-affected-in-email-hack-at-children-s-hospital-colorado.html,,,
47,7b1e5a00-2437-11eb-af35-ed9bb3f10d5f,2020,Genworth Financial,"Genworth Financial,” the American insurance firm with total assets that surpass a hundred million USD and revenues that go beyond $8.6 billion, has announced a catastrophic data breach on its systems. The company realized the security event on April 20, 2020, when they detected unauthorized access onto its systems. Reportedly, hackers were using compromised insurance agent accounts to access the corporate network and tap into data such as documents containing personal and financial information o",https://www.bleepingcomputer.com/news/security/fortune-500-insurance-firm-genworth-discloses-data-breach/ ; https://www.technadu.com/genworth-financial-announces-noxious-data-breach/104607/,,,
48,3d7c9cb0-2398-11eb-b77f-316b5c5dd5eb,2020,NHS Lanarkshire,"NHS Lanarkshire have apologised after more than 400 incidents of data breach were recorded since March.  Hundreds of patients had their COVID-19 data breached in Lanarkshire, a statistic the Conservative party called “worrying”.  There were 414 data breaches between March 12 and May 25, but the health board have moved to assure the public these occurred among NHS staff.  READ MORE Lifeline East Kilbride playgroup saved from the axe by community football team Gabe Docherty, director of public hea",https://www.dailyrecord.co.uk/news/local-news/nhs-lanarkshire-apologise-over-hundreds-22316349,,,
49,ffe1f970-72c7-11eb-a674-05cfd55ad89e,2020,Unacademy,Unacademy user database dumped on hacker forum,https://www.livemint.com/technology/tech-news/over-20-mn-unacademy-user-accounts-exposed-in-data-breach-report-11588775083410.html,,,
50,5fa13100-9f79-11ea-bb5f-9176852f1f89,2020, Serco,"Serco accidentally shares contact tracers' email addresses.  The outsourcing company Serco accidentally shared the email addresses of almost 300 contact tracers recruited to assist in the UK government’s coronavirus “test, track and trace” strategy.  The email addresses were shared when Serco was contacting new recruits about training.“An email was sent to new recruits who had given us their permission to use their personal email addresses,” a spokesperson for the company said. “In error, email ",https://www.theguardian.com/business/2020/may/20/serco-accidentally-shares-contact-tracers-email-addresses-covid-19,,,
51,28513b80-a0f7-11ea-878c-ff8a51fa1e8f,2020,Illinois Department of Employment Security,"The Illinois Department of Employment Security (IDES) has acknowledged a security lapse that exposed the private information of independent contractors and the self-employed.  IDES blamed the security incident on a ""glitch"" in a new system rolled out to process the claims of citizens in the state of Illinois who need to file for unemployment benefits.  Names, Social Security numbers, and other data points -- including phone numbers and addresses -- related to unemployment claims were leaked thro",https://www.zdnet.com/article/illinois-blames-glitch-for-exposure-of-applicant-social-security-numbers-private-data/,,,
52,89dd54a0-d9af-11eb-96ea-fd8a03dbb673,2021,Maximus,Maximus experienced unauthorized data access entrusted to it by Ohio Department of Medicaid, https://www.infosecurity-magazine.com/news/ohio-medicaid-provider-suffers/,,,
53,16d36580-40d4-11ec-b81c-33d442e55df8,2021,Ministry of Defense,Ministry of Defense improperly redacts classified information,https://www.dailymail.co.uk/news/article-10075979/SAS-secrets-revealed-cut-paste-error.html,,,
54,c6302210-02db-11ed-8b5b-6134b3849169,2021,Battelle for Kids,Battelle for Kids were impacted by ransomware which in resulted impacted many of their clients who were local school in IL,https://chicago.suntimes.com/education/2022/5/20/23132983/cps-public-schools-data-breach-students-employees-records-battelle-kids,,,
55,9bb8e910-8e99-11ec-a600-657ec2694f8f,2021,Twitch,Streaming service twitch is compromised after hackers discovered a misconfigured switch which exposed internal resources,https://www.lightreading.com/security/twitch-gets-hacked-in-biggest-data-breach-ever/d/d-id/772624?_mc=RSS_LR_EDT,,,
56,6f7818d0-4637-11ec-b26b-73b5a62f8946,2021,Tamil Nadu Public Distribution System,"    Technisanct, a cyber security and big data startup headquartered in Bangalore, reports data breach of over 4.5 million citizens from the Public Distribution System (PDS) of the state of Tamil Nadu. Major details including Personal Identifiable Information (PII) and Aadhaar number of citizens have been kept for sale in a data sharing platform.      A link including from a file sharing platform leaking 5.2 million user data which includes 49,19,668 Aadhaar numbers was uploaded on a popular hac",https://www.databreaches.net/breach-of-data-in-public-distribution-system-of-tamil-nadu-identifies-technisanct/; https://www.expresscomputer.in/news/breach-of-data-in-public-distribution-system-of-tamil-nadu-identifies-technisanct/77284/,,,
57,a46c7250-463e-11ec-b26b-73b5a62f8946,2021,Airtel,Over two million Airtel numbers along with users details like the address and Aadhaar numbers reportedly leaked in a data breach and were available on the web.,https://www.indiatoday.in/technology/news/story/exclusive-millions-of-airtel-numbers-with-aadhaar-details-and-user-data-likely-leaked-were-accessible-on-web-1765247-2021-02-02,,,
58,E7CFB8E6-7C28-4DC5-9FE4-D5D97C0747AC,2024,Blue Yonder,"""“On November 21, 2024, Blue Yonder experienced disruptions to its managed services hosted environment, which was determined to be the result of a ransomware incident,” Blue Yonder said in an initial public statement on Friday. The company said in an updated statement on Saturday it was making “steady progress” in its recovery but still did not have a “timeline for restoration.”  Immediate impact was felt in the United Kingdom, where two of the four biggest grocery chains told CNN they were taki",https://www.kcra.com/article/software-company-grocery-stores-ransomware-attack/63007596; https://www.darkreading.com/cyberattacks-data-breaches/ransomware-attack-blue-yonder-starbucks-supermarkets; https://www.cbsnews.com/news/starbucks-ransomware-attack-blue-yonder-barista/; https://therecord.media/starbucks-bic-morrisons-blue-yonder-supply-chain-attack-ransomware; https://www.blackfog.com/ransomware-meets-retail-blue-yonder-attack/; https://www.securityweek.com/blue-yonder-probing-data-theft-c,,,
59,DDED1838-6B52-4F2E-8572-854E71D52165,2024,Softway Medical Group,"""A data breach at an unnamed French hospital exposed the medical records of 750,000 patients after a threat actor gained access to its electronic patient record system.  A threat actor using the nickname 'nears' (previously near2tlg) claimed to have attacked multiple healthcare facilities in France, alleging that they have access to the patient records of over 1,500,000 people.  The hacker claims they breached MediBoard by Software Medical Group, a company offering Electronic Patient Record (EPR",https://www.tripwire.com/state-of-security/750000-patients-medical-records-exposed-after-data-breach-french-hospital; https://www.bleepingcomputer.com/news/security/cyberattack-at-french-hospital-exposes-health-data-of-750-000-patients/,,,
60,37693CFC-7480-49E4-5D87-B8C7D8B9AACD,2025,ContentSquare,Document no longer available,https://trust.contentsquare.com/?tcuUid=2c81adf8-1e70-4130-9d1d-94966df59058,,,
