campaign,victim,year,attribution
MOVEIT,COMMUNITY COLLEGE OF VERMONT,2023,narrative
MOVEIT,CENTRAL CONNECTICUT STATE UNIVERSITY,2023,narrative
MOVEIT,BISMARCK STATE COLLEGE,2023,narrative
MOVEIT,LAKE-SUMTER STATE COLLEGE,2023,narrative
MOVEIT,POMEROY COLLEGE OF NURSING AT CROUSE HOSPITAL,2023,narrative
MOVEIT,Ernst and Young,2023,narrative
MOVEIT,JEFFERSON COLLEGE,2023,narrative
MOVEIT,SULLIVAN UNIVERSITY,2023,narrative
MOVEIT,CLEMSON UNIVERSITY,2023,narrative
MOVEIT,BELHAVEN UNIVERSITY,2023,narrative
MOVEIT,MEREDITH COLLEGE,2023,narrative
MOVEIT,CUNY CITY COLLEGE,2023,narrative
MOVEIT,MOBERLY AREA COMMUNITY COLLEGE,2023,narrative
MOVEIT,ILLINOIS EASTERN C C,2023,narrative
MOVEIT,STATE UNIVERSITY OF NEW YORK NEW PALTZ,2023,narrative
MOVEIT,ERIKSON INSTITUTE,2023,narrative
MOVEIT,UNIVERSITY OF ST THOMAS,2023,narrative
MOVEIT,CHIPPEWA VALLEY TECHNICAL COLLEGE,2023,narrative
MOVEIT,DE ANZA COLLEGE,2023,narrative
MOVEIT,MISSOURI UNIVERSITY OF SCIENCE AND TECHNOLOGY,2023,narrative
MOVEIT,LEHIGH UNIVERSITY,2023,narrative
MOVEIT,COLLEGE OF THE DESERT,2023,narrative
MOVEIT,STETSON UNIVERSITY,2023,narrative
MOVEIT,SUNY FARMINGDALE,2023,narrative
MOVEIT,CAMDEN COUNTY COLLEGE,2023,narrative
MOVEIT,NORTHWEST MISSOURI STATE UNIVERSITY,2023,narrative
MOVEIT,TOURO UNIVERSITY,2023,narrative
MOVEIT,Idaho State University,2023,narrative
MOVEIT,HIGHLAND COMMUNITY COLLEGE,2023,narrative
MOVEIT,SCOTTSDALE COMMUNITY COLLEGE,2023,narrative
MOVEIT,Ciena,2023,narrative
MOVEIT,GADSDEN STATE COMMUNITY COLLEGE,2023,narrative
MOVEIT,ALAMANCE COMMUNITY COLLEGE,2023,narrative
MOVEIT,OSCEOLA COUNTY SCHOOL FOR THE ARTS,2023,narrative
MOVEIT,CENTRAL ALABAMA COMMUNITY COLLEGE,2023,narrative
MOVEIT,COCHISE COLLEGE,2023,narrative
MOVEIT,MACOMB COMMUNITY COLLEGE,2023,narrative
MOVEIT,ENTERPRISE STATE COMMUNITY COLLEGE,2023,narrative
MOVEIT,SAN JOSE STATE UNIVERSITY,2023,narrative
MOVEIT,SOUTHWESTERN COMMUNITY COLLEGE,2023,narrative
MOVEIT,SOUTHWESTERN ASSEMBLIES OF GOD UNIVERSITY,2023,narrative
MOVEIT,BROWN UNIVERSITY,2023,narrative
MOVEIT,MARTIN COMMUNITY COLLEGE,2023,narrative
MOVEIT,MARQUETTE UNIVERSITY,2023,narrative
MOVEIT,SOUTHWESTERN OKLAHOMA STATE UNIVERSITY,2023,narrative
MOVEIT,ANTIOCH UNIVERSITY,2023,narrative
MOVEIT,COMMUNITY COLLEGE OF PHILADELPHIA,2023,narrative
MOVEIT,Leggett victim_id_value Platt,2023,narrative
MOVEIT,TEXAS WOMAN’S UNIVERSITY,2023,narrative
MOVEIT,Wilton Reassurance Company,2023,narrative
MOVEIT,WINGATE UNIVERSITY,2023,narrative
MOVEIT,Hilltop Holdings Inc.,2023,narrative
MOVEIT,OKLAHOMA STATE UNIVERSITY – STILLWATER TULSA,2023,narrative
MOVEIT,SUNY BROOME COMMUNITY COLLEGE,2023,narrative
MOVEIT,HOUSATONIC COMMUNITY COLLEGE,2023,narrative
MOVEIT,Sunflower Bank,2023,narrative
MOVEIT,GEORGE FOX UNIVERSITY,2023,narrative
MOVEIT,ACCESSLEX INSTITUTE,2023,narrative
MOVEIT,MCLENNAN COMMUNITY COLLEGE,2023,narrative
MOVEIT,SALUS UNIVERSITY,2023,narrative
MOVEIT,University of Washington State,2023,narrative
MOVEIT,MISSISSIPPI COLLEGE,2023,narrative
MOVEIT,LOUISIANA STATE UNIVERSITY,2023,narrative
MOVEIT,STUDENT LOAN ACQUISITION TRUST 2019-1,2023,narrative
MOVEIT,FLORIDA INSTITUTE OF TECHNOLOGY,2023,narrative
MOVEIT,ECPI UNIVERSITY,2023,narrative
MOVEIT,JACKSON STATE UNIVERSITY,2023,narrative
MOVEIT,DAVIDSON-DAVIE COMMUNITY COLLEGE,2023,narrative
MOVEIT,UNIVERSITY OF TENNESSEE,2023,narrative
MOVEIT,WESTERN UNIVERSITY OF HEALTH SCIENCES,2023,narrative
MOVEIT,Oregon Department of Transportation,2023,narrative
MOVEIT,Sun Life and Health Insurance Company (U.S.),2023,narrative
MOVEIT,LONG ISLAND UNIVERSITY,2023,narrative
MOVEIT,BRIGHAM YOUNG UNIVERSITY,2023,narrative
MOVEIT,FLORIDA INTERNATIONAL UNIVERSITY,2023,narrative
MOVEIT,ALLIANT INTERNATIONAL UNIVERSITY,2023,narrative
MOVEIT,WILLIAM and MARY,2023,narrative
MOVEIT,GEORGE C WALLACE COMMUNITY COLLEGE,2023,narrative
MOVEIT,ATLANTIC CAPE COMMUNITY COLLEGE,2023,narrative
MOVEIT,SOUTHERN CONNECTICUT STATE UNIVERSITY,2023,narrative
MOVEIT,Emerson,2023,narrative
MOVEIT,SUNY ROCKLAND COMMUNITY COLLEGE,2023,narrative
MOVEIT,BLUE RIDGE COMMUNITY AND TECHNICAL COLLEGE,2023,narrative
MOVEIT,TARLETON STATE UNIVERSITY,2023,narrative
MOVEIT,CUNY JOHN JAY COLLEGE OF CRIMINAL JUSTICE,2023,narrative
MOVEIT,COLLIN COUNTY COMMUNITY COLLEGE,2023,narrative
MOVEIT,MILLIKIN UNIVERSITY,2023,narrative
MOVEIT,PENINSULA COLLEGE,2023,narrative
MOVEIT,SOUTHEAST MISSOURI STATE UNIVERSITY,2023,narrative
MOVEIT,Xilinx,2023,narrative
MOVEIT,ASPEN UNIVERSITY,2023,narrative
MOVEIT,ALFRED UNIVERSITY,2023,narrative
MOVEIT,TEXAS STATE TECHNICAL COLLEGE – WACO,2023,narrative
MOVEIT,UNIVERSITY OF TEXAS,2023,narrative
MOVEIT,METROPOLITAN COMMUNITY COLLEGE,2023,narrative
MOVEIT,PRISM CAREER INSTITUTE,2023,narrative
MOVEIT,WESTERN GOVERNORS UNIVERSITY,2023,narrative
MOVEIT,ILLINOIS STUDENT ASSISTANCE COMMISSION,2023,narrative
MOVEIT,Brighthouse Life Insurance Co.,2023,narrative
MOVEIT,American Multi Cinema Inc aka AMC Theatres,2023,narrative
MOVEIT,CENTRAL CAROLINA TECHNICAL COLLEGE,2023,narrative
MOVEIT,MPOWER FINANCING,2023,narrative
MOVEIT,ALLEN COUNTY COMMUNITY COLLEGE,2023,narrative
MOVEIT,ARIZONA WESTERN COLLEGE,2023,narrative
MOVEIT,HOWARD COMMUNITY COLLEGE,2023,narrative
MOVEIT,ARIZONA STATE UNIVERSITY,2023,narrative
MOVEIT,MANCHESTER COMMUNITY COLLEGE,2023,narrative
MOVEIT,PANHANDLE PLAINS PERKINS,2023,narrative
MOVEIT,CENTRAL MICHIGAN UNIVERSITY,2023,narrative
MOVEIT,GEORGE WASHINGTON UNIVERSITY,2023,narrative
MOVEIT,PAMLICO COMMUNITY COLLEGE,2023,narrative
MOVEIT,SPLASH FINANCIAL,2023,narrative
MOVEIT,LOYOLA UNIVERSITY IN NEW ORLEAN,2023,narrative
MOVEIT,NORWALK COMMUNITY COLLEGE,2023,narrative
MOVEIT,OKLAHOMA CITY UNIVERSITY,2023,narrative
MOVEIT,WESTERN CAROLINA UNIVERSITY,2023,narrative
MOVEIT,UNIVERSITY OF MICHIGAN,2023,narrative
MOVEIT,TEXARKANA COLLEGE,2023,narrative
MOVEIT,CORNELL UNIVERSITY,2023,narrative
MOVEIT,DARTMOUTH COLLEGE,2023,narrative
MOVEIT,CAMERON UNIVERSITY,2023,narrative
MOVEIT,Proskauer Rose,2023,narrative
MOVEIT,Abilene Christian University,2023,narrative
MOVEIT,UNIVERSITY OF OKLAHOMA,2023,narrative
MOVEIT,ANNE ARUNDEL COMMUNITY COLLEGE,2023,narrative
MOVEIT,SCHOOL OF VISUAL ARTS,2023,narrative
MOVEIT,AUBURN UNIVERSITY,2023,narrative
MOVEIT,FRONTIER NURSING UNIVERSITY,2023,narrative
MOVEIT,STANFORD FEDERAL CREDIT UNION,2023,narrative
MOVEIT,Siemens Electric,2023,narrative
MOVEIT,ST OLAF COLLEGE,2023,narrative
MOVEIT,Members Life Insurance Company,2023,narrative
MOVEIT,United Healthcare Student Resources,2023,narrative
MOVEIT,BREWTON-PARKER COLLEGE,2023,narrative
MOVEIT,Harris Center for Mental Health and IDD,2023,narrative
MOVEIT,US Department of Justice,2023,narrative
MOVEIT,UNIVERSITY OF KENTUCKY,2023,narrative
MOVEIT,UNIVERSITY OF CONNECTICUT,2023,narrative
MOVEIT,WESTERN MICHIGAN UNIVERSITY THOMAS M COOLEY LAW,2023,narrative
MOVEIT,PHH Mortgage Corporation,2023,narrative
MOVEIT,MONROE COLLEGE,2023,narrative
MOVEIT,ST THOMAS UNIVERSITY,2023,narrative
MOVEIT,SANTA MONICA COLLEGE,2023,narrative
MOVEIT,EAST TENNESSEE STATE UNIVERSITY,2023,narrative
MOVEIT,CUNY YORK COLLEGE,2023,narrative
MOVEIT,HILL COLLEGE,2023,narrative
MOVEIT,Union Security Insurance Company,2023,narrative
MOVEIT,NORTH SEATTLE COLLEGE,2023,narrative
MOVEIT,GROSSMONT COLLEGE,2023,narrative
MOVEIT,American Express,2023,narrative
MOVEIT,BANK STREET COLLEGE OF EDUCATION,2023,narrative
MOVEIT,EDGECOMBE COMMUNITY COLLEGE,2023,narrative
MOVEIT,COASTAL CAROLINA COMMUNITY COLLEGE,2023,narrative
MOVEIT,UNIVERSITY OF DETROIT MERCY,2023,narrative
MOVEIT,GEORGIA HIGHLANDS COLLEGE,2023,narrative
MOVEIT,EASTERN MENNONITE UNIVERSITY,2023,narrative
MOVEIT,GORDON-CONWELL THEOLOGICAL – HAMILTON,2023,narrative
MOVEIT,ST CLAIR COUNTY COMMUNITY COLLEGE,2023,narrative
MOVEIT,NORTH CAROLINA CENTRAL UNIVERSITY,2023,narrative
MOVEIT,RAMAPO COLLEGE OF NEW JERSEY,2023,narrative
MOVEIT,CITY COLLEGE OF SAN FRANCISCO,2023,narrative
MOVEIT,DOANE UNIVERSITY,2023,narrative
MOVEIT,University of Wake Forest,2023,narrative
MOVEIT,Humana,2023,narrative
MOVEIT,NORTHEASTERN STATE UNIVERSITY,2023,narrative
MOVEIT,HILLSBOROUGH COMMUNITY COLLEGE,2023,narrative
MOVEIT,State of Illinois,2023,narrative
MOVEIT,UNIVERSITY OF THE INCARNATE WORD,2023,narrative
MOVEIT,CUNY BRONX COMMUNITY COLLEGE,2023,narrative
MOVEIT,COWLEY COUNTY COMMUNITY JUNIOR,2023,narrative
MOVEIT,CLARKSON UNIVERSITY,2023,narrative
MOVEIT,MASSACHUSETTS MARITIME ACADEMY,2023,narrative
MOVEIT,19817,2023,narrative
MOVEIT,Bristol Myers Squibb,2023,narrative
MOVEIT,CECIL COLLEGE,2023,narrative
MOVEIT,GONZAGA UNIVERSITY,2023,narrative
MOVEIT,CUNY GRADUATE SCHOOL AND UNIVERSITY CENTER,2023,narrative
MOVEIT,IRVINE VALLEY COLLEGE,2023,narrative
MOVEIT,FLORIDA STATE COLLEGE AT JACKSONVILLE,2023,narrative
MOVEIT,WASHINGTON STATE UNIVERSITY,2023,narrative
MOVEIT,United Healthcare Student Resources,2023,narrative
MOVEIT,WEST COAST UNIVERSITY- NORTH HOLLYWOOD,2023,narrative
MOVEIT,UNIVERSITY OF BRIDGEPORT,2023,narrative
MOVEIT,Cadence Bank,2023,narrative
MOVEIT,POST UNIVERSITY,2023,narrative
MOVEIT,FRANKLIN PIERCE UNIVERSITY,2023,narrative
MOVEIT,FIELDING GRADUATE UNIVERSITY,2023,narrative
MOVEIT,CAROLINAS COLLEGE OF HEALTH SCIENCES,2023,narrative
MOVEIT,New York City Department of Education,2023,narrative
MOVEIT,Bates College,2023,narrative
MOVEIT,UNIVERSITY OF ARIZONA,2023,narrative
MOVEIT,WEST VIRGINIA STATE UNIVERSITY,2023,narrative
MOVEIT,Datasite,2023,narrative
MOVEIT,SAN FRANCISCO STATE UNIVERSITY,2023,narrative
MOVEIT,CITIZEN’S BANK,2023,narrative
MOVEIT,PRAIRIE VIEW Avictim_id_valueM UNIVERSITY,2023,narrative
MOVEIT,MOUNT MARTY UNIVERSITY,2023,narrative
MOVEIT,EASTERN WASHINGTON UNIVERSITY,2023,narrative
MOVEIT,THE MASTER’S UNIVERSITY,2023,narrative
MOVEIT,REGIS COLLEGE,2023,narrative
MOVEIT,WESTERN IOWA TECH COMMUNITY COLLEGE,2023,narrative
MOVEIT,CMFG Life Insurance Company,2023,narrative
MOVEIT,SOUTHWOOD FINANCIAL LLC,2023,narrative
MOVEIT,MIDLAND UNIVERSITY,2023,narrative
MOVEIT,CARTERET COMMUNITY COLLEGE,2023,narrative
MOVEIT,UNIVERSITY OF CINCINNATI,2023,narrative
MOVEIT,TUFTS UNIVERSITY,2023,narrative
MOVEIT,PACIFIC WESTERN BANK,2023,narrative
MOVEIT,Bank of Burlington,2023,narrative
MOVEIT,LINDENWOOD UNIVERSITY,2023,narrative
MOVEIT,NEW MEXICO STATE UNIVERSITY-MAIN,2023,narrative
MOVEIT,NEW YORK INSTITUTE OF TECHNOLOGY- OLD WESTBURY,2023,narrative
MOVEIT,CHAMBERLAIN UNIVERSITY,2023,narrative
MOVEIT,DRAKE UNIVERSITY,2023,narrative
MOVEIT,CARROLL UNIVERSITY,2023,narrative
MOVEIT,TREVECCA NAZARENE UNIVERSITY,2023,narrative
MOVEIT,TEXAS A and M INTERNATIONAL UNIVERSITY,2023,narrative
MOVEIT,SUNY UNIVERSITY – BROCKPORT,2023,narrative
MOVEIT,SOUTH SEATTLE COLLEGE,2023,narrative
MOVEIT,THE CATHOLIC UNIVERSITY OF AMERICA,2023,narrative
MOVEIT,UNIVERSITY OF IDAHO,2023,narrative
MOVEIT,UNIVERSITY OF ALASKA ANCHORAGE,2023,narrative
MOVEIT,Saint Francis Health System,2023,narrative
MOVEIT,Pacific Premier Bank,2023,narrative
MOVEIT,TEMPLE UNIVERSITY,2023,narrative
MOVEIT,SHASTA COLLEGE,2023,narrative
MOVEIT,CALHOUN COMMUNITY COLLEGE,2023,narrative
MOVEIT,WAKE TECHNICAL COMMUNITY COLLEGE,2023,narrative
MOVEIT,SLF V-2015 TRUST,2023,narrative
MOVEIT,LAKESHORE TECHNICAL COLLEGE,2023,narrative
MOVEIT,SADDLEBACK COLLEGE,2023,narrative
MOVEIT,RICHMOND COMMUNITY COLLEGE,2023,narrative
MOVEIT,BROWARD COLLEGE,2023,narrative
MOVEIT,TRINITY INTERNATIONAL UNIVERSITY,2023,narrative
MOVEIT,CHICAGO STATE UNIVERSITY,2023,narrative
MOVEIT,SUNY HERKIMER COUNTY COMMUNITY COLLEGE,2023,narrative
MOVEIT,Oak Ridge Associated Universities,2023,narrative
MOVEIT,Union Fidelity Life Insurance Company,2023,narrative
MOVEIT,PRESBYTERIAN COLLEGE,2023,narrative
MOVEIT,Discovery,2023,narrative
MOVEIT,ESTRELLA MOUNTAIN COMMUNITY COLLEGE,2023,narrative
MOVEIT,CASTLETON UNIVERSITY,2023,narrative
MOVEIT,MIDDLESEX COMMUNITY COLLEGE,2023,narrative
MOVEIT,DALLAS THEOLOGICAL SEMINARY,2023,narrative
MOVEIT,MOLLOY UNIVERSITY,2023,narrative
MOVEIT,SOUTHERN UNION STATE COMMUNITY COLLEGE,2023,narrative
MOVEIT,MILLSAPS COLLEGE,2023,narrative
MOVEIT,LENOIR COMMUNITY COLLEGE,2023,narrative
MOVEIT,Progressive Casualty Insurance,2023,narrative
MOVEIT,PHILADELPHIA COLLEGE OF OSTEOPATHIC MEDICINE,2023,narrative
MOVEIT,MIDWAY UNIVERSITY,2023,narrative
MOVEIT,UNIVERSITY OF MEMPHIS,2023,narrative
MOVEIT,EASTERN GATEWAY COMMUNITY COLLEGE,2023,narrative
MOVEIT,EASTERN OKLAHOMA STATE COLLEGE,2023,narrative
MOVEIT,NIGHTINGALE COLLEGE,2023,narrative
MOVEIT,ST LOUIS COMMUNITY COLLEGE,2023,narrative
MOVEIT,Hess,2023,narrative
MOVEIT,LE MOYNE COLLEGE,2023,narrative
MOVEIT,GRAND RAPIDS COMMUNITY COLLEGE,2023,narrative
MOVEIT,FORDHAM UNIVERSITY,2023,narrative
MOVEIT,University of Georgia,2023,narrative
MOVEIT,SANTA ANA COLLEGE,2023,narrative
MOVEIT,WESTERN KENTUCKY UNIVERSITY,2023,narrative
MOVEIT,TJX Companies,2023,narrative
MOVEIT,HORRY-GEORGETOWN TECHNICAL COLLEGE,2023,narrative
MOVEIT,University of Oklahoma,2023,narrative
MOVEIT,FLORIDA GATEWAY COLLEGE,2023,narrative
MOVEIT,SUNY WESTCHESTER COMMUNITY COLLEGE,2023,narrative
MOVEIT,Bank OZK,2023,narrative
MOVEIT,SUNY COLLEGE OF ENVIRONMENTAL,2023,narrative
MOVEIT,COLLEGE OF SAN MATEO,2023,narrative
MOVEIT,SOUTH PIEDMONT COMMUNITY COLLEGE,2023,narrative
MOVEIT,SAINT JOHN’S UNIVERSITY,2023,narrative
MOVEIT,SUNY UNIVERSITY AT ALBANY,2023,narrative
MOVEIT,SOUTHERN BAPTIST THEOLOGICAL SEMINARY,2023,narrative
MOVEIT,CALIFORNIA BAPTIST UNIVERSITY -UNDERGRADS,2023,narrative
MOVEIT,THE UNIVERSITY OF TENNESSEE SOUTHERN,2023,narrative
MOVEIT,EMPIRE STATE UNIVERSITY,2023,narrative
MOVEIT,THE UNIVERSITY OF OLIVET,2023,narrative
MOVEIT,UNIVERSITY OF CENTRAL OKLAHOMA,2023,narrative
MOVEIT,SAYBROOK UNIVERSITY,2023,narrative
MOVEIT,MOUNT MARY UNIVERSITY,2023,narrative
MOVEIT,NORTH FLORIDA COLLEGE,2023,narrative
MOVEIT,SAN DIEGO STATE UNIVERSITY,2023,narrative
MOVEIT,BREVARD COLLEGE,2023,narrative
MOVEIT,QUINCY COLLEGE,2023,narrative
MOVEIT,VIRGINIA POLYTECH and STATE UNIV,2023,narrative
MOVEIT,DAVIDSON COLLEGE,2023,narrative
MOVEIT,ADAMS STATE UNIVERSITY,2023,narrative
MOVEIT,UNIVERSITY OF SAN FRANCISCO,2023,narrative
MOVEIT,Rochester Hospital,2023,narrative
MOVEIT,CUYAMACA COLLEGE,2023,narrative
MOVEIT,ADELPHI UNIVERSITY,2023,narrative
MOVEIT,QUEENS UNIVERSITY OF CHARLOTTE,2023,narrative
MOVEIT,ELMHURST UNIVERSITY,2023,narrative
MOVEIT,UNITED STATES SPORTS ACADEMY,2023,narrative
MOVEIT,BAPTIST HEALTH SCIENCES UNIVERSITY,2023,narrative
MOVEIT,MINNESOTA OFFICE OF HIGHER EDUCATION,2023,narrative
MOVEIT,CLEVELAND STATE UNIVERSITY,2023,narrative
MOVEIT,NORTHEAST IOWA COMMUNITY COLLEGE,2023,narrative
MOVEIT,JACKSON COLLEGE,2023,narrative
MOVEIT,AMERICAN COLLEGE OF HEALTHCARE SCIENCES,2023,narrative
MOVEIT,UNIVERSITY OF CENTRAL MISSOURI,2023,narrative
MOVEIT,PRESCOTT COLLEGE,2023,narrative
MOVEIT,Sony Interactive Entertainment LLC,2023,narrative
MOVEIT,GEORGIA INSTITUTE OF TECHNOLOGY,2023,narrative
MOVEIT,Mass Mutual Ascend,2023,narrative
MOVEIT,TRUMAN STATE UNIVERSITY,2023,narrative
MOVEIT,Allegheny County,2023,narrative
MOVEIT,SEWARD COUNTY COMMUNITY COLLEGE,2023,narrative
MOVEIT,Raddison Americas,2023,narrative
MOVEIT,INVER HILLS COMMUNITY COLLEGE,2023,narrative
MOVEIT,GREENVILLE UNIVERSITY,2023,narrative
MOVEIT,VALLEY FORGE MILITARY COLLEGE,2023,narrative
MOVEIT,University of Idaho,2023,narrative
MOVEIT,JOHNSTON COMMUNITY COLLEGE,2023,narrative
MOVEIT,SUNY COLLEGE – OLD WESTBURY,2023,narrative
MOVEIT,OCEAN COUNTY COLLEGE,2023,narrative
MOVEIT,MGH INSTITUTE OF HEALTH PROFESSIONS,2023,narrative
MOVEIT,THE NEW SCHOOL,2023,narrative
MOVEIT,KENT STATE UNIVERSITY,2023,narrative
MOVEIT,Starmount Life Insurance Co.,2023,narrative
MOVEIT,CANISIUS COLLEGE,2023,narrative
MOVEIT,SIENA COLLEGE,2023,narrative
MOVEIT,Gen Digital,2023,narrative
MOVEIT,Delaware Life Insurance Company,2023,narrative
MOVEIT,FITCHBURG STATE UNIVERSITY,2023,narrative
MOVEIT,UNION COLLEGE OF UNION COUNTY NEW JERSEY,2023,narrative
MOVEIT,FAYETTEVILLE TECHNICAL COMMUNITY COLLEGE,2023,narrative
MOVEIT,METHODIST UNIVERSITY,2023,narrative
MOVEIT,GOLDEN WEST COLLEGE,2023,narrative
MOVEIT,NORTH CENTRAL TEXAS COLLEGE,2023,narrative
MOVEIT,FRESNO CITY COLLEGE,2023,narrative
MOVEIT,J F DRAKE STATE TECHNICAL COLLEGE,2023,narrative
MOVEIT,SUNY COLLEGE OF TECHNOLOGY AT CANTON,2023,narrative
MOVEIT,COLLEGE OF SOUTHERN NEVADA,2023,narrative
MOVEIT,SAMUEL MERRITT UNIVERSITY,2023,narrative
MOVEIT,MERCY COLLEGE OF OHIO,2023,narrative
MOVEIT,COLLEGE OF NEW JERSEY,2023,narrative
MOVEIT,UNIVERSITY OF COLORADO DENVER,2023,narrative
MOVEIT,WILSON COLLEGE,2023,narrative
MOVEIT,Texas Wesleyan University,2023,narrative
MOVEIT,COKER UNIVERSITY,2023,narrative
MOVEIT,EASTERN IOWA COMMUNITY COLLEGE DISTRICT,2023,narrative
MOVEIT,GREENVILLE TECHNICAL COLLEGE,2023,narrative
MOVEIT,Crowe,2023,narrative
MOVEIT,COLLEGE OF THE HOLY CROSS,2023,narrative
MOVEIT,RIVERSIDE CITY COLLEGE,2023,narrative
MOVEIT,SUNY ORANGE COUNTY COMMUNITY COLLEGE,2023,narrative
MOVEIT,THREE RIVERS COLLEGE,2023,narrative
MOVEIT,CalPERS,2023,narrative
MOVEIT,DOMINICAN UNIVERSITY NEW YORK,2023,narrative
MOVEIT,Unitil,2023,narrative
MOVEIT,OUR LADY OF THE LAKE UNIVERSITY OF SAN ANTONIO,2023,narrative
MOVEIT,UNIVERSITY OF ALABAMA,2023,narrative
MOVEIT,UNIVERSITY OF LOUISIANA – MONROE,2023,narrative
MOVEIT,SAINT MARY’S UNIV OF MINNESOTA,2023,narrative
MOVEIT,KING’S COLLEGE,2023,narrative
MOVEIT,UNIVERSITY OF PROVIDENCE,2023,narrative
MOVEIT,NEUMONT COLLEGE OF COMPUTER SCIENCE,2023,narrative
MOVEIT,SURRY COMMUNITY COLLEGE,2023,narrative
MOVEIT,Ventiv Technology,2023,narrative
MOVEIT,KENNESAW STATE UNIVERSITY,2023,narrative
MOVEIT,NICHOLS COLLEGE,2023,narrative
MOVEIT,BROOKDALE COMMUNITY COLLEGE,2023,narrative
MOVEIT,KPMG,2023,narrative
MOVEIT,AMERICAN UNIVERSITY OF HEALTHCARE SCIENCES,2023,narrative
MOVEIT,EAST STROUDSBURG UNIVERSITY,2023,narrative
MOVEIT,BERRY COLLEGE,2023,narrative
MOVEIT,MANHATTAN COLLEGE,2023,narrative
MOVEIT,TRI-COUNTY TECHNICAL COLLEGE,2023,narrative
MOVEIT,SAN DIEGO MIRAMAR COLLEGE,2023,narrative
MOVEIT,BATON ROUGE COMMUNITY COLLEGE,2023,narrative
MOVEIT,ST AMBROSE UNIVERSITY,2023,narrative
MOVEIT,WESTERN OKLAHOMA STATE COLLEGE,2023,narrative
MOVEIT,Tennessee Consolidated Retirement System (TCRS),2023,narrative
MOVEIT,Ameriprise Financial,2023,narrative
MOVEIT,AltaMed Health Services,2023,narrative
MOVEIT,KIRKWOOD COMMUNITY COLLEGE,2023,narrative
MOVEIT,SUNY FINGER LAKES COMMUNITY COLLEGE,2023,narrative
MOVEIT,Sun Life and Health Insurance Company of Canada (U.S.),2023,narrative
MOVEIT,EVERETT COMMUNITY COLLEGE,2023,narrative
MOVEIT,Hillsborough County,2023,narrative
MOVEIT,CARL ALBERT STATE COLLEGE,2023,narrative
MOVEIT,SANTA FE COMMUNITY COLLEGE,2023,narrative
MOVEIT,SUNY MOHAWK VALLEY COMMUNITY COLLEGE,2023,narrative
MOVEIT,WEST TEXAS A and M UNIVERSITY,2023,narrative
MOVEIT,CANADA COLLEGE,2023,narrative
MOVEIT,SETON HILL UNIVERSITY,2023,narrative
MOVEIT,TARRANT COUNTY COLLEGE,2023,narrative
MOVEIT,SAINT PETER’S UNIVERSITY,2023,narrative
MOVEIT,MISSOURI STATE UNIVERSITY,2023,narrative
MOVEIT,MOUNT SAINT MARY COLLEGE,2023,narrative
MOVEIT,COLORADO MESA UNIVERSITY,2023,narrative
MOVEIT,RANDOLPH COMMUNITY COLLEGE,2023,narrative
MOVEIT,UT Southwestern Medical Center,2023,narrative
MOVEIT,WESTMONT COLLEGE,2023,narrative
MOVEIT,Radisson Hotels,2023,narrative
MOVEIT,MESABI RANGE COLLEGE,2023,narrative
MOVEIT,SKYLINE COLLEGE,2023,narrative
MOVEIT,SUNY SUFFOLK COUNTY COMMUNITY COLLEGE,2023,narrative
MOVEIT,Shutterfly.com,2023,narrative
MOVEIT,UW CREDIT UNION,2023,narrative
MOVEIT,UNIVERSITY OF NORTH CAROLINA,2023,narrative
MOVEIT,MONTREAT COLLEGE,2023,narrative
MOVEIT,ST MARY’S COLLEGE OF CALIFORNIA,2023,narrative
MOVEIT,CFI,2023,narrative
MOVEIT,CHARTER OAK STATE COLLEGE,2023,narrative
MOVEIT,Allegiant Air,2023,narrative
MOVEIT,RIVER PARISHES COMMUNITY COLLEGE,2023,narrative
MOVEIT,FULL SAIL UNIVERSITY,2023,narrative
MOVEIT,ICAHN SCHOOL OF MEDICINE AT MOUNT SINAI,2023,narrative
MOVEIT,CONCORDIA UNIVERSITY,2023,narrative
MOVEIT,NORTHWESTERN UNIVERSITY,2023,narrative
MOVEIT,University of Illinois,2023,narrative
MOVEIT,MUHLENBERG COLLEGE,2023,narrative
MOVEIT,NEW ENGLAND COLLEGE – SEMESTERS – DAYO,2023,narrative
MOVEIT,BEAUFORT COUNTY COMMUNITY COLLEGE,2023,narrative
MOVEIT,BETHUNE-COOKMAN UNIVERSITY,2023,narrative
MOVEIT,UNIVERSITY OF SCIENCE AND ARTS OF OKLAHOMA,2023,narrative
MOVEIT,SAINT LOUIS UNIVERSITY,2023,narrative
MOVEIT,DELAWARE TECHNICAL AND COMMUNITY – TERRY,2023,narrative
MOVEIT,CUNY LEHMAN COLLEGE,2023,narrative
MOVEIT,RUTGERS -THE STATE UNIVERSITY OF NJ -NEW BRUNSWICK,2023,narrative
MOVEIT,MOUNT ST MARY’S UNIVERSITY,2023,narrative
MOVEIT,BUENA VISTA UNIVERSITY,2023,narrative
MOVEIT,Eversource,2023,narrative
MOVEIT,DELAWARE VALLEY UNIVERSITY,2023,narrative
MOVEIT,ROBESON COMMUNITY COLLEGE,2023,narrative
MOVEIT,NORTHLAND COMMUNITY and TECHNICAL COLLEGE,2023,narrative
MOVEIT,BRAZOS HIGHER EDUCATION AUTHORITY,2023,narrative
MOVEIT,CUYAHOGA COMMUNITY COLLEGE,2023,narrative
MOVEIT,COLORADO MOUNTAIN COLLEGE,2023,narrative
MOVEIT,MCHENRY COUNTY COLLEGE,2023,narrative
MOVEIT,OGLETHORPE UNIVERSITY,2023,narrative
MOVEIT,UNITED EDUCATION INSTITUTE- HUNTINGTON PARK CAMPU,2023,narrative
MOVEIT,US Agriculture Department,2023,narrative
MOVEIT,FOOTHILL COLLEGE,2023,narrative
MOVEIT,TRITON COLLEGE,2023,narrative
MOVEIT,FORSYTH TECHNICAL COMMUNITY COLLEGE,2023,narrative
MOVEIT,Clorox,2023,narrative
MOVEIT,RIO SALADO COLLEGE,2023,narrative
MOVEIT,LOYOLA MARYMOUNT UNIVERSITY,2023,narrative
MOVEIT,Clear Spring Life and Annuity Company,2023,narrative
MOVEIT,UNIVERSITY OF SOUTH DAKOTA,2023,narrative
MOVEIT,LEHIGH CARBON COMMUNITY COLLEGE,2023,narrative
MOVEIT,SEATTLE CENTRAL COLLEGE,2023,narrative
MOVEIT,Westamerica Bank,2023,narrative
MOVEIT,ST JOSEPH’S UNIVERSITY,2023,narrative
MOVEIT,HEARTLAND COMMUNITY COLLEGE,2023,narrative
MOVEIT,BERGEN COMMUNITY COLLEGE,2023,narrative
MOVEIT,PLAZA COLLEGE,2023,narrative
MOVEIT,UTICA UNIVERSITY,2023,narrative
MOVEIT,US BANK NATIONAL ASSOCIATION,2023,narrative
MOVEIT,CUNY BROOKLYN COLLEGE,2023,narrative
MOVEIT,SPOKANE FALLS COMMUNITY COLLEGE,2023,narrative
MOVEIT,First National Bankers Bank,2023,narrative
MOVEIT,UNIVERSITY OF COLORADO BOULDER,2023,narrative
MOVEIT,SUSSEX COUNTY COMMUNITY COLLEGE,2023,narrative
MOVEIT,UNIVERSITY OF ALASKA – FAIRBANKS,2023,narrative
MOVEIT,FELICIAN UNIVERSITY,2023,narrative
MOVEIT,SHAWNEE COMMUNITY COLLEGE,2023,narrative
MOVEIT,University of Missouri,2023,narrative
MOVEIT,CREIGHTON UNIVERSITY,2023,narrative
MOVEIT,UMB SL TRUST I,2023,narrative
MOVEIT,CAROLINA UNIVERSITY,2023,narrative
MOVEIT,THE UNIVERSITY OF TULSA,2023,narrative
MOVEIT,GEORGIA GWINNETT COLLEGE,2023,narrative
MOVEIT,CONCORD UNIVERSITY,2023,narrative
MOVEIT,INTERDENOMINATIONAL THEOLOGICAL,2023,narrative
MOVEIT,COLLEGE OF SOUTHERN IDAHO,2023,narrative
MOVEIT,Jackson Financial Inc.,2023,narrative
MOVEIT,STONEHILL COLLEGE,2023,narrative
MOVEIT,INDIAN HILLS COMMUNITY COLLEGE,2023,narrative
MOVEIT,MICHIGAN STATE UNIVERSITY,2023,narrative
MOVEIT,EFP WAREHOUSE FUNDING 3 LLC,2023,narrative
MOVEIT,SUNY COBLESKILL,2023,narrative
MOVEIT,PACE UNIVERSITY,2023,narrative
MOVEIT,Elips Life Insurance Co.,2023,narrative
MOVEIT,Genworth North America Corporation,2023,narrative
MOVEIT,Lobel Financial Corporation,2023,narrative
MOVEIT,TEXAS A and M UNIVERSITY KINGSVILLE,2023,narrative
MOVEIT,GREAT BASIN COLLEGE,2023,narrative
MOVEIT,Columbia Banking System,2023,narrative
MOVEIT,AMERICAN CAREER COLLEGE,2023,narrative
MOVEIT,DEVRY UNIVERSITY,2023,narrative
MOVEIT,SAN JUAN COLLEGE,2023,narrative
MOVEIT,CLARK COLLEGE,2023,narrative
MOVEIT,PURDUE UNIVERSITY GLOBAL,2023,narrative
MOVEIT,NORTHERN KENTUCKY UNIVERSITY,2023,narrative
MOVEIT,CALDWELL COMMUNITY COLLEGE AND TECHNICAL INSTITUTE,2023,narrative
MOVEIT,WESTMORELAND COUNTY COMMUNITY COLLEGE,2023,narrative
MOVEIT,GALEN COLLEGE OF NURSING,2023,narrative
MOVEIT,EDMONDS COLLEGE,2023,narrative
MOVEIT,Illumifin Corporation,2023,narrative
MOVEIT,UNITED STATES NAVAL ACADEMY,2023,narrative
MOVEIT,SUNY COLUMBIA-GREENE COMMUNITY COLLEGE,2023,narrative
MOVEIT,JOHN CARROLL UNIVERSITY,2023,narrative
MOVEIT,COLLEGE OF THE ALBEMARLE,2023,narrative
MOVEIT,19817,2023,narrative
MOVEIT,HOOD THEOLOGICAL SEMINARY,2023,narrative
MOVEIT,ROANOKE COLLEGE,2023,narrative
MOVEIT,GEORGE MASON UNIVERSITY,2023,narrative
MOVEIT,Oklahoma State University,2023,narrative
MOVEIT,BLUE RIDGE COMMUNITY COLLEGE,2023,narrative
MOVEIT,EMORY UNIVERSITY,2023,narrative
MOVEIT,SUNY JAMESTOWN COMMUNITY COLLEGE,2023,narrative
MOVEIT,BARTON COMMUNITY COLLEGE,2023,narrative
MOVEIT,KEYBANK NATIONAL ASSOCIATION,2023,narrative
MOVEIT,DIVINE MERCY UNIVERSITY,2023,narrative
MOVEIT,SAINT THOMAS AQUINAS COLLEGE,2023,narrative
MOVEIT,BALL STATE UNIVERSITY,2023,narrative
MOVEIT,United Bank,2023,narrative
MOVEIT,EMPORIA STATE UNIVERSITY,2023,narrative
MOVEIT,COLLEGE OF THE CANYONS,2023,narrative
MOVEIT,LAKE SUPERIOR STATE UNIVERSITY,2023,narrative
MOVEIT,NORTHCENTRAL UNIVERSITY,2023,narrative
MOVEIT,University of Loyola,2023,narrative
MOVEIT,Colorado Department of Health Care Policy victim_id_value Financing,2023,narrative
MOVEIT,CUNY QUEENSBOROUGH COMMUNITY COLLEGE,2023,narrative
MOVEIT,FLETCHER TECHNICAL COMMUNITY COLLEGE,2023,narrative
MOVEIT,PURDUE UNIVERSITY NORTHWEST,2023,narrative
MOVEIT,NEW MEXICO STUDENT LOANS,2023,narrative
MOVEIT,UNIVERSITY OF NORTH TEXAS,2023,narrative
MOVEIT,UPPER IOWA UNIVERSITY,2023,narrative
MOVEIT,UNIVERSITY OF NEW HAVEN-SEMESTERS,2023,narrative
MOVEIT,MCDOWELL TECHNICAL COMMUNITY COLLEGE,2023,narrative
MOVEIT,UNIVERSITY OF CALIFORNIA-LOS ANGELES,2023,narrative
MOVEIT,CLEVELAND COMMUNITY COLLEGE,2023,narrative
MOVEIT,SAVANNAH STATE UNIVERSITY,2023,narrative
MOVEIT,UNIVERSITY OF NORTHWESTERN OHIO COLLege OF BUSINESS,2023,narrative
MOVEIT,Fidelity victim_id_value Guaranty Life Insurance Company,2023,narrative
MOVEIT,METROPOLITAN STATE UNIVERSITY,2023,narrative
MOVEIT,NELNET INC.,2023,narrative
MOVEIT,OAKWOOD UNIVERSITY,2023,narrative
MOVEIT,UEI COLLEGE- FRESNO,2023,narrative
MOVEIT,CENTRALIA COLLEGE,2023,narrative
MOVEIT,TOURO UNIVERSITY WORLDWIDE,2023,narrative
MOVEIT,BRIDGEPORT MILITARY ACADEMY,2023,narrative
MOVEIT,SUNY UPSTATE MEDICAL UNIVERSITY,2023,narrative
MOVEIT,YUBA COMMUNITY COLLEGE,2023,narrative
MOVEIT,SOUTHERN MAINE COMMUNITY COLLEGE,2023,narrative
MOVEIT,CRAVEN COMMUNITY COLLEGE,2023,narrative
MOVEIT,CENTIER BANK,2023,narrative
MOVEIT,University of Utah Health Plan,2023,narrative
MOVEIT,BLUEFIELD STATE UNIVERSITY,2023,narrative
MOVEIT,BELLARMINE UNIVERSITY,2023,narrative
MOVEIT,FIS Global,2023,narrative
MOVEIT,UofL Health,2023,narrative
MOVEIT,NORTHERN MICHIGAN UNIVERSITY,2023,narrative
MOVEIT,Cedarville University,2023,narrative
MOVEIT,American Airlines,2023,narrative
MOVEIT,SAINT JOSEPH’S COLLEGE OF MAINE,2023,narrative
MOVEIT,COLUMBIA STATE COMMUNITY COLLEGE,2023,narrative
MOVEIT,LONGWOOD UNIVERSITY,2023,narrative
MOVEIT,ALBERTUS MAGNUS COLLEGE,2023,narrative
MOVEIT,KLAMATH COMMUNITY COLLEGE,2023,narrative
MOVEIT,CENTRE COLLEGE,2023,narrative
MOVEIT,UNIVERSITY OF MOBILE,2023,narrative
MOVEIT,CAMPBELLSVILLE UNIVERSITY,2023,narrative
MOVEIT,CHAFFEY COMMUNITY COLLEGE,2023,narrative
MOVEIT,Science Applications International Corporation,2023,narrative
MOVEIT,ARCADIA UNIVERSITY,2023,narrative
MOVEIT,MID AMERICA CHRISTIAN UNIVERSITY,2023,narrative
MOVEIT,WOR-WIC COMMUNITY COLLEGE,2023,narrative
MOVEIT,University of Alaska,2023,narrative
MOVEIT,SHAW UNIVERSITY,2023,narrative
MOVEIT,HUDSON COUNTY COMMUNITY COLLEGE,2023,narrative
MOVEIT,TYLER JUNIOR COLLEGE,2023,narrative
MOVEIT,MIDAMERICA NAZARENE UNIVERSITY,2023,narrative
MOVEIT,TEMPLE COLLEGE,2023,narrative
MOVEIT,KIPP Public Schools,2023,narrative
MOVEIT,NEW JERSEY INSTITUTE OF TECHNOLOGY,2023,narrative
MOVEIT,TROCAIRE COLLEGE,2023,narrative
MOVEIT,JACKSON STATE COMMUNITY COLLEGE,2023,narrative
MOVEIT,PEIRCE COLLEGE,2023,narrative
MOVEIT,TACOMA COMMUNITY COLLEGE,2023,narrative
MOVEIT,NORTH IDAHO COLLEGE,2023,narrative
MOVEIT,UNIVERSITY OF DAYTON,2023,narrative
MOVEIT,CALDWELL UNIVERSITY,2023,narrative
MOVEIT,ROCHESTER COMMUNITY and TECHNICAL COLLEGE,2023,narrative
MOVEIT,CHATTANOOGA STATE COMMUNITY COLLEGE,2023,narrative
MOVEIT,ST JOSEPH’S UNIVERSITY- BROOKLYN,2023,narrative
MOVEIT,LEWIS-CLARK STATE COLLEGE,2023,narrative
MOVEIT,PARK UNIVERSITY,2023,narrative
MOVEIT,HOWARD UNIVERSITY,2023,narrative
MOVEIT,ROCK VALLEY COLLEGE,2023,narrative
MOVEIT,ROGUE COMMUNITY COLLEGE,2023,narrative
MOVEIT,Kvictim_id_valueL Gates,2023,narrative
MOVEIT,LYNN UNIVERSITY,2023,narrative
MOVEIT,ST JOHN FISHER UNIVERSITY,2023,narrative
MOVEIT,NORTHERN OKLAHOMA COLLEGE,2023,narrative
MOVEIT,HALIFAX COMMUNITY COLLEGE,2023,narrative
MOVEIT,WAKE FOREST UNIVERSITY,2023,narrative
MOVEIT,COLLEGE OF DUPAGE,2023,narrative
MOVEIT,Talcott Resolution Life and Annuity Insurance Co,2023,narrative
MOVEIT,Horizon Bank,2023,narrative
MOVEIT,ANDREW COLLEGE,2023,narrative
MOVEIT,NORTHEASTERN TECHNICAL COLLEGE,2023,narrative
MOVEIT,UNIVERSITY ACCOUTING SERVICE,2023,narrative
MOVEIT,Mvictim_id_valueT Bank,2023,narrative
MOVEIT,Union Labor Life Insurance Company,2023,narrative
MOVEIT,UNIVERSITY OF ARKANSAS – FORT SMITH,2023,narrative
MOVEIT,GATEWAY COMMUNITY COLLEGE,2023,narrative
MOVEIT,BRUNSWICK COMMUNITY COLLEGE,2023,narrative
MOVEIT,LANE COLLEGE,2023,narrative
MOVEIT,University of Southern Illinois,2023,narrative
MOVEIT,PITT COMMUNITY COLLEGE,2023,narrative
MOVEIT,WILKES UNIVERSITY,2023,narrative
MOVEIT,COASTAL CAROLINA UNIVERSITY,2023,narrative
MOVEIT,CHICAGO SCHOOL OF PROFESSIONAL PSYCHOLOGY,2023,narrative
MOVEIT,WEST VIRGINIA UNIVERSITY,2023,narrative
MOVEIT,WARTBURG COLLEGE,2023,narrative
MOVEIT,SOUTHWEST COLLEGE OF NATUROPATHIC MED victim_id_value HEALTH SCIENCES,2023,narrative
MOVEIT,HARVARD UNIVERSITY,2023,narrative
MOVEIT,RANDOLPH COLLEGE,2023,narrative
MOVEIT,ST CLOUD STATE UNIVERSITY,2023,narrative
MOVEIT,UNIVERSITY OF PITTSBURGH,2023,narrative
MOVEIT,PIMA COMMUNITY COLLEGE,2023,narrative
MOVEIT,UC LAW SAN FRANCISCO,2023,narrative
MOVEIT,SPOKANE COMMUNITY COLLEGE,2023,narrative
MOVEIT,UNIVERSITY OF MARY WASHINGTON,2023,narrative
MOVEIT,UNIVERSITY OF WEST ALABAMA,2023,narrative
MOVEIT,ST CHARLES COMMUNITY COLLEGE,2023,narrative
MOVEIT,CareSource,2023,narrative
MOVEIT,Nassau Life and Annuity Co.,2023,narrative
MOVEIT,SAMARITAN HOSPITAL SCHOOL OF NURSING,2023,narrative
MOVEIT,Paycom Software,2023,narrative
MOVEIT,Corebridge Financial,2023,narrative
MOVEIT,DREW UNIVERSITY,2023,narrative
MOVEIT,SOUTH CAROLINA STUDENT LOAN CORPORATION,2023,narrative
MOVEIT,OXNARD COLLEGE,2023,narrative
MOVEIT,NORTH CENTRAL UNIVERSITY,2023,narrative
MOVEIT,CASE WESTERN RESERVE UNIVERSITY,2023,narrative
MOVEIT,WEST SHORE COMMUNITY COLLEGE,2023,narrative
MOVEIT,DUNWOODY COLLEGE OF TECHNOLOGY,2023,narrative
MOVEIT,MCPHS University,2023,narrative
MOVEIT,BOISE STATE UNIVERSITY,2023,narrative
MOVEIT,QUINNIPIAC UNIVERSITY,2023,narrative
MOVEIT,WILLIAM PATERSON UNIVERSITY OF NEW JERSEY,2023,narrative
MOVEIT,UNIVERSITY OF TAMPA,2023,narrative
MOVEIT,WAYNE STATE COLLEGE,2023,narrative
MOVEIT,KELLOGG COMMUNITY COLLEGE,2023,narrative
MOVEIT,Hartford Life and Accident Insurance Company,2023,narrative
MOVEIT,MIDDLESEX COLLEGE,2023,narrative
MOVEIT,COAHOMA COMMUNITY COLLEGE,2023,narrative
MOVEIT,UNITY ENVIRONMENTAL UNIVERSITY,2023,narrative
MOVEIT,WISCONSIN LUTHERAN COLLEGE,2023,narrative
MOVEIT,Webster University,2023,narrative
MOVEIT,ROSEMAN UNIVERSITY OF HEALTH SCIENCES,2023,narrative
MOVEIT,DORDT UNIVERSITY,2023,narrative
MOVEIT,BUTLER COMMUNITY COLLEGE,2023,narrative
MOVEIT,CUNY LAGUARDIA COMMUNITY COLLEGE,2023,narrative
MOVEIT,NORTH CAROLINA WESLEYAN COLLEGE,2023,narrative
MOVEIT,BELLIN COLLEGE,2023,narrative
MOVEIT,BRIGHAM YOUNG UNIVERSITY – IDAHO,2023,narrative
MOVEIT,WESTERN CONNECTICUT STATE UNIVERSITY,2023,narrative
MOVEIT,WELCH COLLEGE,2023,narrative
MOVEIT,FIRSTSUN CAPITAL BANCORP,2023,narrative
MOVEIT,ROCKHURST UNIVERSITY,2023,narrative
MOVEIT,MidFirst Bank,2023,narrative
MOVEIT,American Fidelity,2023,narrative
MOVEIT,VANCE-GRANVILLE COMMUNITY COLLEGE,2023,narrative
MOVEIT,MONTEREY PENINSULA COLLEGE,2023,narrative
MOVEIT,SPRING ARBOR UNIVERSITY,2023,narrative
MOVEIT,PIERCE COLLEGE,2023,narrative
MOVEIT,TOWD POINT ASSET GRANTOR TRUST 2021-SL1,2023,narrative
MOVEIT,THE UNIVERSITY OF ALABAMA IN HUNTSVILLE,2023,narrative
MOVEIT,Warner Bros,2023,narrative
MOVEIT,County of Santa Clara,2023,narrative
MOVEIT,TIFFIN UNIVERSITY,2023,narrative
MOVEIT,NORTHERN ARIZONA UNIVERSITY,2023,narrative
MOVEIT,GODDARD COLLEGE,2023,narrative
MOVEIT,UNIVERSITY OF HARTFORD,2023,narrative
MOVEIT,UNIVERSITY OF COLORADO COLORADO SPRINGS,2023,narrative
MOVEIT,JAMES MADISON UNIVERSITY,2023,narrative
MOVEIT,FLORIDA SOUTHERN COLLEGE,2023,narrative
MOVEIT,UNIVERSITY OF NEVADA,2023,narrative
MOVEIT,BAKER UNIVERSITY,2023,narrative
MOVEIT,SAINT AUGUSTINE’S UNIVERSITY,2023,narrative
MOVEIT,LAGRANGE COLLEGE,2023,narrative
MOVEIT,UNIVERSITY OF NORTH ALABAMA,2023,narrative
MOVEIT,ASCENDIUM,2023,narrative
MOVEIT,CUNY MEDGAR EVERS COLLEGE,2023,narrative
MOVEIT,CUNY QUEENS COLLEGE,2023,narrative
MOVEIT,UNIVERSITY OF LA VERNE,2023,narrative
MOVEIT,SUNY DOWNSTATE HEALTH SCIENCE CENTER,2023,narrative
MOVEIT,GRAMBLING STATE UNIVERSITY,2023,narrative
MOVEIT,WAGNER COLLEGE,2023,narrative
MOVEIT,GASTON COLLEGE,2023,narrative
MOVEIT,SEATTLE UNIVERSITY,2023,narrative
MOVEIT,TIAA-CREF Life Insurance Company,2023,narrative
MOVEIT,BLUEFIELD UNIVERSITY,2023,narrative
MOVEIT,FRESNO PACIFIC UNIVERSITY,2023,narrative
MOVEIT,RHODE ISLAND SCHOOL OF DESIGN,2023,narrative
MOVEIT,Chesapeake College,2023,narrative
MOVEIT,CUNY KINGSBOROUGH COMMUNITY COLLEGE,2023,narrative
MOVEIT,MARYWOOD UNIVERSITY,2023,narrative
MOVEIT,UNIVERSITY OF ALABAMA BIRMINGHAM-TRADITIONAL,2023,narrative
MOVEIT,UNIVERSITY OF PHOENIX,2023,narrative
MOVEIT,Medibank,2023,narrative
MOVEIT,SUNY COLLEGE – CORTLAND,2023,narrative
MOVEIT,LARAMIE COUNTY COMMUNITY COLLEGE,2023,narrative
MOVEIT,Johns Hopkins University,2023,narrative
MOVEIT,ILLINOIS COLLEGE,2023,narrative
MOVEIT,UNIVERSITY OF WEST GEORGIA,2023,narrative
MOVEIT,LONE STAR COLLEGE SYSTEM DISTRICT,2023,narrative
MOVEIT,NORTH SHORE COMMUNITY COLLEGE,2023,narrative
MOVEIT,GEORGETOWN UNIVERSITY,2023,narrative
MOVEIT,SUNY ADIRONDACK COMM COLL,2023,narrative
MOVEIT,SUNY TOMPKINS CORTLAND COMMUNITY COLLEGE,2023,narrative
MOVEIT,COLLEGE OF WESTERN IDAHO,2023,narrative
MOVEIT,Teachers Insurance and Annuity Association of America,2023,narrative
MOVEIT,UNIVERSITY OF THE SOUTHWEST,2023,narrative
MOVEIT,NORTH IOWA AREA COMMUNITY COLLEGE,2023,narrative
MOVEIT,SANDHILLS COMMUNITY COLLEGE,2023,narrative
DRIFT,Dynatrace,2025,narrative
DRIFT,Zscaler,2025,narrative
DRIFT,Rubrik,2025,narrative
DRIFT,Fastly,2025,narrative
DRIFT,Elastic,2025,narrative
DRIFT,Pagerduty,2025,narrative
DRIFT,Palo Alto Networks,2025,narrative
DRIFT,Workday,2025,narrative
DRIFT,Toast,2025,narrative
DRIFT,Avalara,2025,narrative
DRIFT,BeyondTrust,2025,narrative
DRIFT,Esker,2025,narrative
DRIFT,Cato Networks,2025,narrative
DRIFT,"""AppFolio, Inc.""",2025,narrative
DRIFT,Tanium,2025,narrative
DRIFT,PowerSchool,2025,narrative
DRIFT,Nutanix,2025,narrative
DRIFT,CyberArk,2025,narrative
DRIFT,Tenable,2025,narrative
DRIFT,Cloudflare,2025,narrative
DRIFT,Jfrog,2025,narrative
DRIFT,Bugcrowd,2025,narrative
DRIFT,Proofpoint,2025,narrative
DRIFT,Qualys,2025,narrative
SFSE,Houghton Mifflin Harcourt (HMH),2025,narrative
SFSE,Google,2025,narrative
SFSE,Marriott,2025,narrative
SFSE,IKEA,2025,narrative
SFSE,The Gap,2025,narrative
SFSE,Farmers Insurance,2025,press attribution
SFSE,Adidas,2025,narrative
SFSE,Saks Fifth Avenue,2025,narrative
SFSE,Stellantis,2025,narrative
SFSE,Federal Express,2025,narrative
SFSE,Pandora,2025,narrative
SFSE,UPS,2025,narrative
SFSE,Louis Vuitton,2025,press attribution
SFSE,Fuji Film,2025,narrative
SFSE,Vietnam Airlines,2025,narrative
SFSE,Disney/Hulu,2025,narrative
SFSE,Cartier,2025,narrative
SFSE,Cisco,2025,narrative
SFSE,Air France/KLM,2025,narrative
SFSE,Aeromexico,2025,narrative
SFSE,HBO Max,2025,narrative
SFSE,CarMax,2025,narrative
SFSE,ASICS,2025,narrative
SFSE,Puma,2025,narrative
SFSE,Chanel,2025,narrative
SFSE,Workiva,2025,narrative
SFSE,"Kering (Gucci, Balenciaga, Brioni, Alexander McQueen)",2025,narrative
SFSE,Qantas,2025,press attribution
SFSE,Republic Services,2025,narrative
SFSE,Toyota Motor,2025,narrative
SFSE,Allianz Life,2025,narrative
SFSE,Home Depot,2025,narrative
SFSE,Petco,2025,narrative
SFSE,LVMH,2025,narrative
SFSE,Instacart,2025,narrative
SFSE,AAA,2025,narrative
SFSE,KFC,2025,narrative
SFSE,Tiffany,2025,press attribution
SFSE,Dior,2025,narrative
SFSE,Walgreens,2025,narrative
SFSE,McDonalds,2025,narrative
SFSE,Albertsons,2025,narrative
SFSE,TransUnion,2025,press attribution
EBS,Dartmouth College,2025,narrative
EBS,University of Pennsylvania,2025,narrative
EBS,Envoy Air,2025,narrative
EBS,Harvard University,2025,narrative
EBS,University of Phoenix,2025,narrative
EBS,Wits University,2025,narrative
EBS,Canon,2025,narrative
EBS,Allianze UK,2025,narrative
EBS,Cox Enterprises,2025,narrative
EBS,Barts Health NHS,2025,narrative
EBS,GlobalLogic,2025,narrative
EBS,Logitech,2025,narrative
EBS,Washington Post,2025,narrative
